2026-04-23 20:47:50,919 | INFO | main | Application starting
2026-04-23 20:47:50,944 | INFO | main | Console app built successfully
2026-04-23 20:47:50,944 | INFO | ui.console | Console UI started
2026-04-23 20:49:58,806 | INFO | ui.console | Raw instruction received: reg loki
2026-04-23 20:49:58,806 | INFO | ui.console | Parsed instruction task: reg
2026-04-23 20:49:58,806 | INFO | ui.console.handler | Dispatch command: task=reg
2026-04-23 20:49:58,806 | INFO | ui.console.handler | Handling reg command
2026-04-23 20:49:58,825 | INFO | ui.console.handler | User loki registered and logged in, id=[d2976774-eba7-4e7b-ad56-5cba704e318d]
2026-04-23 20:49:58,828 | INFO | ui.console | Instruction processed
2026-04-23 20:50:04,808 | INFO | ui.console | Raw instruction received: reg winch
2026-04-23 20:50:04,809 | INFO | ui.console | Parsed instruction task: reg
2026-04-23 20:50:04,809 | INFO | ui.console.handler | Dispatch command: task=reg
2026-04-23 20:50:04,809 | INFO | ui.console.handler | Handling reg command
2026-04-23 20:50:04,820 | INFO | ui.console.handler | User winch registered and logged in, id=[7849f39a-fd8e-41e8-a18b-b482e15933c9]
2026-04-23 20:50:04,821 | INFO | ui.console | Instruction processed
2026-04-23 21:19:16,695 | INFO | ui.console | Raw instruction received: туц
2026-04-23 21:19:16,695 | INFO | ui.console | Parsed instruction task: туц
2026-04-23 21:19:16,695 | INFO | ui.console.handler | Dispatch command: task=туц
2026-04-23 21:19:16,695 | WARNING | ui.console.handler | Unknown command received: task=туц
2026-04-23 21:19:16,695 | ERROR | ui.console | Value error instr:'туц': unknown instruction
2026-04-23 21:19:18,256 | INFO | ui.console | Raw instruction received: new
2026-04-23 21:19:18,256 | INFO | ui.console | Parsed instruction task: new
2026-04-23 21:19:18,256 | INFO | ui.console.handler | Dispatch command: task=new
2026-04-23 21:19:18,257 | INFO | ui.console.handler | Handling new command
2026-04-23 21:19:18,257 | INFO | ui.console.handler | Registering new game, host_user_id=[7849f39a-fd8e-41e8-a18b-b482e15933c9]
2026-04-23 21:19:18,276 | INFO | ui.console.handler | Created new game id=[5b111a75-a3d7-44a4-92e9-77269a1e00da] and joined player id=[390d62eb-288e-4678-b53f-5fa4b92610ab] from user id=[7849f39a-fd8e-41e8-a18b-b482e15933c9]
2026-04-23 21:19:18,277 | INFO | ui.console | Instruction processed
2026-04-23 21:19:29,047 | INFO | ui.console | Raw instruction received: cur_u
2026-04-23 21:19:29,047 | INFO | ui.console | Parsed instruction task: cur_u
2026-04-23 21:19:29,047 | INFO | ui.console.handler | Dispatch command: task=cur_u
2026-04-23 21:19:29,048 | INFO | ui.console.handler | Handling cur_u command
2026-04-23 21:19:29,050 | INFO | ui.console | Instruction processed
2026-04-23 21:19:31,955 | INFO | ui.console | Raw instruction received: cur_p
2026-04-23 21:19:31,955 | INFO | ui.console | Parsed instruction task: cur_p
2026-04-23 21:19:31,956 | INFO | ui.console.handler | Dispatch command: task=cur_p
2026-04-23 21:19:31,956 | INFO | ui.console.handler | Handling cur_p command
2026-04-23 21:19:31,965 | INFO | ui.console | Instruction processed
2026-04-23 21:19:37,737 | INFO | ui.console | Raw instruction received: players
2026-04-23 21:19:37,737 | INFO | ui.console | Parsed instruction task: players
2026-04-23 21:19:37,737 | INFO | ui.console.handler | Dispatch command: task=players
2026-04-23 21:19:37,737 | INFO | ui.console.handler | Handling players command
2026-04-23 21:19:37,737 | INFO | ui.console.handler | Showing players, game id=[5b111a75-a3d7-44a4-92e9-77269a1e00da]
2026-04-23 21:19:37,740 | INFO | ui.console | Instruction processed
2026-04-23 21:19:39,915 | INFO | ui.console | Raw instruction received: users
2026-04-23 21:19:39,916 | INFO | ui.console | Parsed instruction task: users
2026-04-23 21:19:39,916 | INFO | ui.console.handler | Dispatch command: task=users
2026-04-23 21:19:39,916 | INFO | ui.console.handler | Handling users command
2026-04-23 21:19:39,921 | INFO | ui.console | Instruction processed
2026-04-23 21:20:08,503 | INFO | ui.console | Raw instruction received: join
2026-04-23 21:20:08,504 | INFO | ui.console | Parsed instruction task: join
2026-04-23 21:20:08,504 | INFO | ui.console.handler | Dispatch command: task=join
2026-04-23 21:20:08,504 | INFO | ui.console.handler | Handling join command
2026-04-23 21:20:08,506 | ERROR | ui.console | Value error instr:'join': User is already in the game
2026-04-23 21:20:25,020 | INFO | ui.console | Raw instruction received: reg impala67
2026-04-23 21:20:25,021 | INFO | ui.console | Parsed instruction task: reg
2026-04-23 21:20:25,021 | INFO | ui.console.handler | Dispatch command: task=reg
2026-04-23 21:20:25,021 | INFO | ui.console.handler | Handling reg command
2026-04-23 21:20:25,026 | INFO | ui.console.handler | User impala67 registered and logged in, id=[c53c3e89-0279-4aa3-a8f0-671b768c999a]
2026-04-23 21:20:25,027 | INFO | ui.console | Instruction processed
2026-04-23 21:20:44,688 | INFO | ui.console | Raw instruction received: users
2026-04-23 21:20:44,688 | INFO | ui.console | Parsed instruction task: users
2026-04-23 21:20:44,688 | INFO | ui.console.handler | Dispatch command: task=users
2026-04-23 21:20:44,689 | INFO | ui.console.handler | Handling users command
2026-04-23 21:20:44,694 | INFO | ui.console | Instruction processed
2026-04-23 21:20:54,031 | INFO | ui.console | Raw instruction received: ext
2026-04-23 21:20:54,032 | INFO | ui.console | Parsed instruction task: ext
2026-04-23 21:20:54,032 | INFO | ui.console | Console UI exit requested
2026-04-23 21:20:54,032 | INFO | main | Application stopped
2026-04-23 21:21:26,426 | INFO | main | Application starting
2026-04-23 21:21:26,451 | INFO | main | Console app built successfully
2026-04-23 21:21:26,451 | INFO | ui.console | Console UI started
2026-04-23 21:21:31,098 | INFO | ui.console | Raw instruction received: reg loki
2026-04-23 21:21:31,099 | INFO | ui.console | Parsed instruction task: reg
2026-04-23 21:21:31,099 | INFO | ui.console.handler | Dispatch command: task=reg
2026-04-23 21:21:31,099 | INFO | ui.console.handler | Handling reg command
2026-04-23 21:21:31,113 | INFO | ui.console.handler | User loki registered and logged in, id=[5e952237-062c-4df9-bac9-ed3bd523e6a6]
2026-04-23 21:21:31,116 | INFO | ui.console | Instruction processed
2026-04-23 21:21:34,915 | INFO | ui.console | Raw instruction received: reg winch
2026-04-23 21:21:34,915 | INFO | ui.console | Parsed instruction task: reg
2026-04-23 21:21:34,915 | INFO | ui.console.handler | Dispatch command: task=reg
2026-04-23 21:21:34,915 | INFO | ui.console.handler | Handling reg command
2026-04-23 21:21:34,924 | INFO | ui.console.handler | User winch registered and logged in, id=[469ddf88-a77d-4df7-b9cc-81ed79f9f33a]
2026-04-23 21:21:34,925 | INFO | ui.console | Instruction processed
2026-04-23 21:21:38,033 | INFO | ui.console | Raw instruction received: reg
2026-04-23 21:21:38,033 | INFO | ui.console | Parsed instruction task: reg
2026-04-23 21:21:38,033 | INFO | ui.console.handler | Dispatch command: task=reg
2026-04-23 21:21:38,033 | INFO | ui.console.handler | Handling reg command
2026-04-23 21:21:42,277 | INFO | ui.console.handler | User impala67 registered and logged in, id=[3e98d189-ed96-4cc3-a3cd-2bd70a60c409]
2026-04-23 21:21:42,277 | INFO | ui.console | Instruction processed
2026-04-23 21:21:44,771 | INFO | ui.console | Raw instruction received: reg
2026-04-23 21:21:44,771 | INFO | ui.console | Parsed instruction task: reg
2026-04-23 21:21:44,771 | INFO | ui.console.handler | Dispatch command: task=reg
2026-04-23 21:21:44,771 | INFO | ui.console.handler | Handling reg command
2026-04-23 21:21:47,865 | INFO | ui.console.handler | User dean registered and logged in, id=[084c68b0-792f-4449-9679-cf8e512a3f2d]
2026-04-23 21:21:47,866 | INFO | ui.console | Instruction processed
2026-04-23 21:21:51,256 | INFO | ui.console | Raw instruction received: new
2026-04-23 21:21:51,256 | INFO | ui.console | Parsed instruction task: new
2026-04-23 21:21:51,256 | INFO | ui.console.handler | Dispatch command: task=new
2026-04-23 21:21:51,256 | INFO | ui.console.handler | Handling new command
2026-04-23 21:21:51,256 | INFO | ui.console.handler | Registering new game, host_user_id=[084c68b0-792f-4449-9679-cf8e512a3f2d]
2026-04-23 21:21:51,278 | INFO | ui.console.handler | Created new game id=[f06f0594-5008-41ef-9f5f-af8d5982492a] and joined player id=[374ea048-2d51-4055-9048-c9a55aae8f1f] from user id=[084c68b0-792f-4449-9679-cf8e512a3f2d]
2026-04-23 21:21:51,279 | INFO | ui.console | Instruction processed
2026-04-23 21:21:57,257 | INFO | ui.console | Raw instruction received: players
2026-04-23 21:21:57,257 | INFO | ui.console | Parsed instruction task: players
2026-04-23 21:21:57,257 | INFO | ui.console.handler | Dispatch command: task=players
2026-04-23 21:21:57,257 | INFO | ui.console.handler | Handling players command
2026-04-23 21:21:57,257 | INFO | ui.console.handler | Showing players, game id=[f06f0594-5008-41ef-9f5f-af8d5982492a]
2026-04-23 21:21:57,260 | INFO | ui.console | Instruction processed
2026-04-23 21:22:06,756 | INFO | ui.console | Raw instruction received: join 5e952237-062c-4df9-bac9-ed3bd523e6a6
2026-04-23 21:22:06,756 | INFO | ui.console | Parsed instruction task: join
2026-04-23 21:22:06,756 | INFO | ui.console.handler | Dispatch command: task=join
2026-04-23 21:22:06,756 | INFO | ui.console.handler | Handling join command
2026-04-23 21:22:06,757 | ERROR | ui.console | Unexp err: Game 5e952237-062c-4df9-bac9-ed3bd523e6a6 not found
2026-04-23 21:22:12,105 | INFO | ui.console | Raw instruction received: join
2026-04-23 21:22:12,106 | INFO | ui.console | Parsed instruction task: join
2026-04-23 21:22:12,106 | INFO | ui.console.handler | Dispatch command: task=join
2026-04-23 21:22:12,106 | INFO | ui.console.handler | Handling join command
2026-04-23 21:22:12,107 | ERROR | ui.console | Value error instr:'join': User is already in the game
2026-04-23 21:22:34,626 | INFO | ui.console | Raw instruction received: cur_g
2026-04-23 21:22:34,627 | INFO | ui.console | Parsed instruction task: cur_g
2026-04-23 21:22:34,627 | INFO | ui.console.handler | Dispatch command: task=cur_g
2026-04-23 21:22:34,627 | INFO | ui.console.handler | Handling cur_g command
2026-04-23 21:22:34,633 | INFO | ui.console | Instruction processed
2026-04-23 21:23:03,723 | INFO | ui.console | Raw instruction received: join f06f0594-5008-41ef-9f5f-af8d5982492a 469ddf88-a77d-4df7-b9cc-81ed79f9f33a
2026-04-23 21:23:03,723 | INFO | ui.console | Parsed instruction task: join
2026-04-23 21:23:03,723 | INFO | ui.console.handler | Dispatch command: task=join
2026-04-23 21:23:03,724 | INFO | ui.console.handler | Handling join command
2026-04-23 21:23:03,739 | INFO | ui.console.handler | Player joined game, game id=[f06f0594-5008-41ef-9f5f-af8d5982492a] player id=[1989612f-9dd6-4145-9b57-294313e8c39e] user id=[469ddf88-a77d-4df7-b9cc-81ed79f9f33a]
2026-04-23 21:23:03,740 | INFO | ui.console | Instruction processed
2026-04-23 21:23:15,243 | INFO | ui.console | Raw instruction received: join f06f0594-5008-41ef-9f5f-af8d5982492a 5e952237-062c-4df9-bac9-ed3bd523e6a6
2026-04-23 21:23:15,243 | INFO | ui.console | Parsed instruction task: join
2026-04-23 21:23:15,243 | INFO | ui.console.handler | Dispatch command: task=join
2026-04-23 21:23:15,243 | INFO | ui.console.handler | Handling join command
2026-04-23 21:23:15,259 | INFO | ui.console.handler | Player joined game, game id=[f06f0594-5008-41ef-9f5f-af8d5982492a] player id=[8e3a0df3-b53b-4378-b1cf-390904154969] user id=[5e952237-062c-4df9-bac9-ed3bd523e6a6]
2026-04-23 21:23:15,260 | INFO | ui.console | Instruction processed
2026-04-23 21:26:52,695 | INFO | ui.console | Raw instruction received: ext
2026-04-23 21:26:52,695 | INFO | ui.console | Parsed instruction task: ext
2026-04-23 21:26:52,695 | INFO | ui.console | Console UI exit requested
2026-04-23 21:26:52,695 | INFO | main | Application stopped
2026-04-24 09:25:40,130 | INFO | main | Application starting
2026-04-24 09:25:40,150 | INFO | main | Console app built successfully
2026-04-24 09:25:40,150 | INFO | ui.console | Console UI started
2026-04-24 09:25:49,289 | INFO | ui.console | Raw instruction received: reg loki
2026-04-24 09:25:49,289 | INFO | ui.console | Parsed instruction task: reg
2026-04-24 09:25:49,289 | INFO | ui.console.handler | Dispatch command: task=reg
2026-04-24 09:25:49,289 | INFO | ui.console.handler | Handling reg command
2026-04-24 09:25:49,306 | INFO | ui.console.handler | User loki registered and logged in, id=[d62a741d-6c2c-4c72-ab9e-033885fbe827]
2026-04-24 09:25:49,311 | INFO | ui.console | Instruction processed
2026-04-24 09:26:01,552 | INFO | ui.console | Raw instruction received: reg winch
2026-04-24 09:26:01,553 | INFO | ui.console | Parsed instruction task: reg
2026-04-24 09:26:01,558 | INFO | ui.console.handler | Dispatch command: task=reg
2026-04-24 09:26:01,558 | INFO | ui.console.handler | Handling reg command
2026-04-24 09:26:01,562 | INFO | ui.console.handler | User winch registered and logged in, id=[ff74ab0d-a76b-46b4-9df0-958af1e09ef1]
2026-04-24 09:26:01,563 | INFO | ui.console | Instruction processed
2026-04-24 09:26:06,754 | INFO | ui.console | Raw instruction received: reg
2026-04-24 09:26:06,754 | INFO | ui.console | Parsed instruction task: reg
2026-04-24 09:26:06,754 | INFO | ui.console.handler | Dispatch command: task=reg
2026-04-24 09:26:06,754 | INFO | ui.console.handler | Handling reg command
2026-04-24 09:26:22,115 | INFO | ui.console.handler | User dean registered and logged in, id=[e0ac70a2-4c7c-4029-961c-e4d5b1fc8436]
2026-04-24 09:26:22,116 | INFO | ui.console | Instruction processed
2026-04-24 09:27:16,449 | INFO | ui.console | Raw instruction received: users
2026-04-24 09:27:16,449 | INFO | ui.console | Parsed instruction task: users
2026-04-24 09:27:16,449 | INFO | ui.console.handler | Dispatch command: task=users
2026-04-24 09:27:16,449 | INFO | ui.console.handler | Handling users command
2026-04-24 09:27:16,455 | INFO | ui.console | Instruction processed
2026-04-24 09:27:46,839 | INFO | ui.console | Raw instruction received: ext
2026-04-24 09:27:46,840 | INFO | ui.console | Parsed instruction task: ext
2026-04-24 09:27:46,840 | INFO | ui.console | Console UI exit requested
2026-04-24 09:27:46,840 | INFO | main | Application stopped
2026-04-24 09:28:08,239 | INFO | main | Application starting
2026-04-24 09:28:08,271 | INFO | main | Console app built successfully
2026-04-24 09:28:08,271 | INFO | ui.console | Console UI started
2026-04-24 09:28:12,486 | INFO | ui.console | Raw instruction received: reg loki
2026-04-24 09:28:12,486 | INFO | ui.console | Parsed instruction task: reg
2026-04-24 09:28:12,486 | INFO | ui.console.handler | Dispatch command: task=reg
2026-04-24 09:28:12,486 | INFO | ui.console.handler | Handling reg command
2026-04-24 09:28:12,502 | INFO | ui.console.handler | User loki registered and logged in, id=[6d90c43c-9a24-4e82-8e97-f96c8ff2ec0e]
2026-04-24 09:28:12,508 | INFO | ui.console | Instruction processed
2026-04-24 09:28:18,715 | INFO | ui.console | Raw instruction received: reg winch
2026-04-24 09:28:18,715 | INFO | ui.console | Parsed instruction task: reg
2026-04-24 09:28:18,715 | INFO | ui.console.handler | Dispatch command: task=reg
2026-04-24 09:28:18,715 | INFO | ui.console.handler | Handling reg command
2026-04-24 09:28:18,729 | INFO | ui.console.handler | User winch registered and logged in, id=[f65a5f71-b20a-46bb-8906-b822b5c2796f]
2026-04-24 09:28:18,730 | INFO | ui.console | Instruction processed
2026-04-24 09:28:26,406 | INFO | ui.console | Raw instruction received: reg
2026-04-24 09:28:26,407 | INFO | ui.console | Parsed instruction task: reg
2026-04-24 09:28:26,407 | INFO | ui.console.handler | Dispatch command: task=reg
2026-04-24 09:28:26,407 | INFO | ui.console.handler | Handling reg command
2026-04-24 09:28:31,034 | INFO | ui.console.handler | User dean registered and logged in, id=[b6705f31-3e16-4dd9-9fe3-e89cbc2f5b5d]
2026-04-24 09:28:31,035 | INFO | ui.console | Instruction processed
2026-04-24 09:28:43,118 | INFO | ui.console | Raw instruction received: users
2026-04-24 09:28:43,118 | INFO | ui.console | Parsed instruction task: users
2026-04-24 09:28:43,118 | INFO | ui.console.handler | Dispatch command: task=users
2026-04-24 09:28:43,118 | INFO | ui.console.handler | Handling users command
2026-04-24 09:28:43,123 | INFO | ui.console | Instruction processed
2026-04-24 09:29:00,552 | INFO | ui.console | Raw instruction received: ext
2026-04-24 09:29:00,553 | INFO | ui.console | Parsed instruction task: ext
2026-04-24 09:29:00,553 | INFO | ui.console | Console UI exit requested
2026-04-24 09:29:00,553 | INFO | main | Application stopped
2026-04-24 09:30:41,647 | INFO | main | Application starting
2026-04-24 09:30:41,672 | INFO | main | Console app built successfully
2026-04-24 09:30:41,672 | INFO | ui.console | Console UI started
2026-04-24 09:30:45,192 | INFO | ui.console | Raw instruction received: reg loki
2026-04-24 09:30:45,193 | INFO | ui.console | Parsed instruction task: reg
2026-04-24 09:30:45,193 | INFO | ui.console.handler | Dispatch command: task=reg
2026-04-24 09:30:45,193 | INFO | ui.console.handler | Handling reg command
2026-04-24 09:30:45,207 | INFO | ui.console.handler | User loki registered and logged in, id=[c2745a4a-5567-4988-b4c6-f242d059c718]
2026-04-24 09:30:45,212 | INFO | ui.console | Instruction processed
2026-04-24 09:30:53,597 | INFO | ui.console | Raw instruction received: reg winch
2026-04-24 09:30:53,597 | INFO | ui.console | Parsed instruction task: reg
2026-04-24 09:30:53,597 | INFO | ui.console.handler | Dispatch command: task=reg
2026-04-24 09:30:53,597 | INFO | ui.console.handler | Handling reg command
2026-04-24 09:30:53,609 | INFO | ui.console.handler | User winch registered and logged in, id=[248a0aea-a7d2-4cfb-a960-8206649ade25]
2026-04-24 09:30:53,610 | INFO | ui.console | Instruction processed
2026-04-24 09:30:58,179 | INFO | ui.console | Raw instruction received: reg dean
2026-04-24 09:30:58,179 | INFO | ui.console | Parsed instruction task: reg
2026-04-24 09:30:58,179 | INFO | ui.console.handler | Dispatch command: task=reg
2026-04-24 09:30:58,179 | INFO | ui.console.handler | Handling reg command
2026-04-24 09:30:58,191 | INFO | ui.console.handler | User dean registered and logged in, id=[cc443bf7-a124-4c4d-9291-2ad9b871fb53]
2026-04-24 09:30:58,191 | INFO | ui.console | Instruction processed
2026-04-24 09:31:01,942 | INFO | ui.console | Raw instruction received: users
2026-04-24 09:31:01,943 | INFO | ui.console | Parsed instruction task: users
2026-04-24 09:31:01,943 | INFO | ui.console.handler | Dispatch command: task=users
2026-04-24 09:31:01,943 | INFO | ui.console.handler | Handling users command
2026-04-24 09:31:01,945 | INFO | ui.console | Instruction processed
2026-04-24 09:31:12,707 | INFO | ui.console | Raw instruction received: new
2026-04-24 09:31:12,707 | INFO | ui.console | Parsed instruction task: new
2026-04-24 09:31:12,707 | INFO | ui.console.handler | Dispatch command: task=new
2026-04-24 09:31:12,707 | INFO | ui.console.handler | Handling new command
2026-04-24 09:31:12,707 | INFO | ui.console.handler | Registering new game, host_user_id=[cc443bf7-a124-4c4d-9291-2ad9b871fb53]
2026-04-24 09:31:12,730 | INFO | ui.console.handler | Created new game id=[d3a61f6f-7782-48e0-a1bd-e4cce75647f8] and joined player id=[b1c1515f-fcef-444e-a915-346aab1ece1d] from user id=[cc443bf7-a124-4c4d-9291-2ad9b871fb53]
2026-04-24 09:31:12,730 | INFO | ui.console | Instruction processed
2026-04-24 09:31:26,669 | INFO | ui.console | Raw instruction received: game
2026-04-24 09:31:26,669 | INFO | ui.console | Parsed instruction task: game
2026-04-24 09:31:26,669 | INFO | ui.console.handler | Dispatch command: task=game
2026-04-24 09:31:26,669 | INFO | ui.console.handler | Handling game command
2026-04-24 09:31:26,672 | INFO | ui.console.handler | Showing game state, game id=[d3a61f6f-7782-48e0-a1bd-e4cce75647f8]
2026-04-24 09:31:26,678 | INFO | ui.console | Instruction processed
2026-04-24 09:31:48,072 | INFO | ui.console | Raw instruction received: gen_decks
2026-04-24 09:31:48,072 | INFO | ui.console | Parsed instruction task: gen_decks
2026-04-24 09:31:48,072 | INFO | ui.console.handler | Dispatch command: task=gen_decks
2026-04-24 09:31:48,072 | INFO | ui.console.handler | Handling gen_decks command
2026-04-24 09:31:48,077 | INFO | ui.console.handler | Decks generated for game id=[d3a61f6f-7782-48e0-a1bd-e4cce75647f8]
2026-04-24 09:31:48,078 | INFO | ui.console | Instruction processed
2026-04-24 09:32:20,872 | INFO | ui.console | Raw instruction received: join c2745a4a-5567-4988-b4c6-f242d059c718
2026-04-24 09:32:20,873 | INFO | ui.console | Parsed instruction task: join
2026-04-24 09:32:20,873 | INFO | ui.console.handler | Dispatch command: task=join
2026-04-24 09:32:20,873 | INFO | ui.console.handler | Handling join command
2026-04-24 09:32:20,887 | INFO | ui.console.handler | Player joined, game id=[d3a61f6f-7782-48e0-a1bd-e4cce75647f8] user id=[c2745a4a-5567-4988-b4c6-f242d059c718] player id=[972f6de5-aaef-48cd-b32e-4a3c8b2ec5b5]
2026-04-24 09:32:20,887 | INFO | ui.console | Instruction processed
2026-04-24 09:32:33,275 | INFO | ui.console | Raw instruction received: join 248a0aea-a7d2-4cfb-a960-8206649ade25
2026-04-24 09:32:33,275 | INFO | ui.console | Parsed instruction task: join
2026-04-24 09:32:33,275 | INFO | ui.console.handler | Dispatch command: task=join
2026-04-24 09:32:33,275 | INFO | ui.console.handler | Handling join command
2026-04-24 09:32:33,292 | INFO | ui.console.handler | Player joined, game id=[d3a61f6f-7782-48e0-a1bd-e4cce75647f8] user id=[248a0aea-a7d2-4cfb-a960-8206649ade25] player id=[ab51d92d-546d-4cf8-b9f6-d846873b7a9a]
2026-04-24 09:32:33,293 | INFO | ui.console | Instruction processed
2026-04-24 09:32:37,870 | INFO | ui.console | Raw instruction received: players
2026-04-24 09:32:37,870 | INFO | ui.console | Parsed instruction task: players
2026-04-24 09:32:37,870 | INFO | ui.console.handler | Dispatch command: task=players
2026-04-24 09:32:37,870 | INFO | ui.console.handler | Handling players command
2026-04-24 09:32:37,870 | INFO | ui.console.handler | Showing players, game id=[d3a61f6f-7782-48e0-a1bd-e4cce75647f8]
2026-04-24 09:32:37,874 | INFO | ui.console | Instruction processed
2026-04-24 09:33:07,129 | INFO | ui.console | Raw instruction received: run
2026-04-24 09:33:07,130 | INFO | ui.console | Parsed instruction task: run
2026-04-24 09:33:07,130 | INFO | ui.console.handler | Dispatch command: task=run
2026-04-24 09:33:07,130 | INFO | ui.console.handler | Handling run command
2026-04-24 09:33:07,144 | INFO | ui.console.handler | Game started, game id=[d3a61f6f-7782-48e0-a1bd-e4cce75647f8]
2026-04-24 09:33:07,144 | INFO | ui.console | Instruction processed
2026-04-24 09:33:12,871 | INFO | ui.console | Raw instruction received: game
2026-04-24 09:33:12,872 | INFO | ui.console | Parsed instruction task: game
2026-04-24 09:33:12,872 | INFO | ui.console.handler | Dispatch command: task=game
2026-04-24 09:33:12,872 | INFO | ui.console.handler | Handling game command
2026-04-24 09:33:12,873 | INFO | ui.console.handler | Showing game state, game id=[d3a61f6f-7782-48e0-a1bd-e4cce75647f8]
2026-04-24 09:33:12,875 | INFO | ui.console | Instruction processed
2026-04-24 09:33:36,580 | INFO | ui.console | Raw instruction received: market
2026-04-24 09:33:36,580 | INFO | ui.console | Parsed instruction task: market
2026-04-24 09:33:36,580 | INFO | ui.console.handler | Dispatch command: task=market
2026-04-24 09:33:36,580 | INFO | ui.console.handler | Handling market command
2026-04-24 09:33:36,580 | INFO | ui.console.handler | Showing market, game id=[d3a61f6f-7782-48e0-a1bd-e4cce75647f8]
2026-04-24 09:33:36,584 | INFO | ui.console | Instruction processed
2026-04-24 09:33:44,136 | INFO | ui.console | Raw instruction received: hand
2026-04-24 09:33:44,136 | INFO | ui.console | Parsed instruction task: hand
2026-04-24 09:33:44,136 | INFO | ui.console.handler | Dispatch command: task=hand
2026-04-24 09:33:44,136 | INFO | ui.console.handler | Handling hand command
2026-04-24 09:33:44,136 | INFO | ui.console.handler | Showing hand, game id=[d3a61f6f-7782-48e0-a1bd-e4cce75647f8] player id=[ab51d92d-546d-4cf8-b9f6-d846873b7a9a]
2026-04-24 09:33:44,140 | INFO | ui.console | Instruction processed
2026-04-24 09:33:51,099 | INFO | ui.console | Raw instruction received: players
2026-04-24 09:33:51,099 | INFO | ui.console | Parsed instruction task: players
2026-04-24 09:33:51,099 | INFO | ui.console.handler | Dispatch command: task=players
2026-04-24 09:33:51,099 | INFO | ui.console.handler | Handling players command
2026-04-24 09:33:51,099 | INFO | ui.console.handler | Showing players, game id=[d3a61f6f-7782-48e0-a1bd-e4cce75647f8]
2026-04-24 09:33:51,107 | INFO | ui.console | Instruction processed
2026-04-24 09:34:12,761 | INFO | ui.console | Raw instruction received: all
2026-04-24 09:34:12,761 | INFO | ui.console | Parsed instruction task: all
2026-04-24 09:34:12,761 | INFO | ui.console.handler | Dispatch command: task=all
2026-04-24 09:34:12,762 | INFO | ui.console.handler | Handling all command
2026-04-24 09:34:12,766 | INFO | ui.console | Instruction processed
2026-04-24 09:36:17,571 | INFO | ui.console | Raw instruction received: ext
2026-04-24 09:36:17,571 | INFO | ui.console | Parsed instruction task: ext
2026-04-24 09:36:17,571 | INFO | ui.console | Console UI exit requested
2026-04-24 09:36:17,571 | INFO | main | Application stopped
2026-04-24 10:00:09,571 | INFO | main | Application starting
2026-04-24 10:00:09,590 | INFO | main | Console app built successfully
2026-04-24 10:00:09,590 | INFO | ui.console | Console UI started
2026-04-24 10:00:15,998 | INFO | ui.console | Raw instruction received: reg loki
2026-04-24 10:00:15,998 | INFO | ui.console | Parsed instruction task: reg
2026-04-24 10:00:15,998 | INFO | ui.console.handler | Dispatch command: task=reg
2026-04-24 10:00:15,998 | INFO | ui.console.handler | Handling reg command
2026-04-24 10:00:16,015 | INFO | ui.console.handler | User loki registered and logged in, id=[79a4a7ea-c0f5-4c2f-812a-0e934446a175]
2026-04-24 10:00:16,019 | INFO | ui.console | Instruction processed
2026-04-24 10:00:20,405 | INFO | ui.console | Raw instruction received: reg winch
2026-04-24 10:00:20,405 | INFO | ui.console | Parsed instruction task: reg
2026-04-24 10:00:20,405 | INFO | ui.console.handler | Dispatch command: task=reg
2026-04-24 10:00:20,405 | INFO | ui.console.handler | Handling reg command
2026-04-24 10:00:20,414 | INFO | ui.console.handler | User winch registered and logged in, id=[4fdf1121-6696-4b93-8004-5a533c6d05ae]
2026-04-24 10:00:20,415 | INFO | ui.console | Instruction processed
2026-04-24 10:00:22,712 | INFO | ui.console | Raw instruction received: reg dean
2026-04-24 10:00:22,712 | INFO | ui.console | Parsed instruction task: reg
2026-04-24 10:00:22,712 | INFO | ui.console.handler | Dispatch command: task=reg
2026-04-24 10:00:22,712 | INFO | ui.console.handler | Handling reg command
2026-04-24 10:00:22,720 | INFO | ui.console.handler | User dean registered and logged in, id=[f5e85874-cc42-415a-81fb-b44d63bf474a]
2026-04-24 10:00:22,721 | INFO | ui.console | Instruction processed
2026-04-24 10:00:25,632 | INFO | ui.console | Raw instruction received: join loki
2026-04-24 10:00:25,632 | INFO | ui.console | Parsed instruction task: join
2026-04-24 10:00:25,632 | INFO | ui.console.handler | Dispatch command: task=join
2026-04-24 10:00:25,632 | INFO | ui.console.handler | Handling join command
2026-04-24 10:00:29,816 | INFO | ui.console.handler | Command cancelled by empty input
2026-04-24 10:00:29,816 | INFO | ui.console | Instruction processed
2026-04-24 10:00:34,653 | INFO | ui.console | Raw instruction received: new
2026-04-24 10:00:34,653 | INFO | ui.console | Parsed instruction task: new
2026-04-24 10:00:34,653 | INFO | ui.console.handler | Dispatch command: task=new
2026-04-24 10:00:34,653 | INFO | ui.console.handler | Handling new command
2026-04-24 10:00:34,653 | INFO | ui.console.handler | Registering new game, host_user_id=[f5e85874-cc42-415a-81fb-b44d63bf474a]
2026-04-24 10:00:34,667 | INFO | ui.console.handler | Created new game id=[de4bda36-7203-4595-b3fa-54553b19268d] and joined player id=[c3664fb5-4b2a-4cfd-8f0a-6adfc53bde55] from user id=[f5e85874-cc42-415a-81fb-b44d63bf474a]
2026-04-24 10:00:34,668 | INFO | ui.console | Instruction processed
2026-04-24 10:00:38,682 | INFO | ui.console | Raw instruction received: join loki
2026-04-24 10:00:38,682 | INFO | ui.console | Parsed instruction task: join
2026-04-24 10:00:38,682 | INFO | ui.console.handler | Dispatch command: task=join
2026-04-24 10:00:38,682 | INFO | ui.console.handler | Handling join command
2026-04-24 10:00:38,693 | INFO | ui.console.handler | Player joined, game id=[de4bda36-7203-4595-b3fa-54553b19268d] user id=[79a4a7ea-c0f5-4c2f-812a-0e934446a175] player id=[16fb731b-b933-4ab6-8cac-4cae84b09db8]
2026-04-24 10:00:38,694 | INFO | ui.console | Instruction processed
2026-04-24 10:00:44,693 | INFO | ui.console | Raw instruction received: join winch
2026-04-24 10:00:44,693 | INFO | ui.console | Parsed instruction task: join
2026-04-24 10:00:44,693 | INFO | ui.console.handler | Dispatch command: task=join
2026-04-24 10:00:44,693 | INFO | ui.console.handler | Handling join command
2026-04-24 10:00:44,705 | INFO | ui.console.handler | Player joined, game id=[de4bda36-7203-4595-b3fa-54553b19268d] user id=[4fdf1121-6696-4b93-8004-5a533c6d05ae] player id=[b5979250-ffda-4a94-b56d-dc6bac73b61c]
2026-04-24 10:00:44,705 | INFO | ui.console | Instruction processed
2026-04-24 10:00:49,360 | INFO | ui.console | Raw instruction received: players
2026-04-24 10:00:49,360 | INFO | ui.console | Parsed instruction task: players
2026-04-24 10:00:49,360 | INFO | ui.console.handler | Dispatch command: task=players
2026-04-24 10:00:49,360 | INFO | ui.console.handler | Handling players command
2026-04-24 10:00:49,360 | INFO | ui.console.handler | Showing players, game id=[de4bda36-7203-4595-b3fa-54553b19268d]
2026-04-24 10:00:49,364 | INFO | ui.console | Instruction processed
2026-04-24 10:01:02,447 | INFO | ui.console | Raw instruction received: gen_decks
2026-04-24 10:01:02,447 | INFO | ui.console | Parsed instruction task: gen_decks
2026-04-24 10:01:02,447 | INFO | ui.console.handler | Dispatch command: task=gen_decks
2026-04-24 10:01:02,447 | INFO | ui.console.handler | Handling gen_decks command
2026-04-24 10:01:02,448 | INFO | ui.console.handler | Decks generated for game id=[de4bda36-7203-4595-b3fa-54553b19268d]
2026-04-24 10:01:02,449 | INFO | ui.console | Instruction processed
2026-04-24 10:01:06,849 | INFO | ui.console | Raw instruction received: market
2026-04-24 10:01:06,849 | INFO | ui.console | Parsed instruction task: market
2026-04-24 10:01:06,850 | INFO | ui.console.handler | Dispatch command: task=market
2026-04-24 10:01:06,850 | INFO | ui.console.handler | Handling market command
2026-04-24 10:01:06,850 | INFO | ui.console.handler | Showing market, game id=[de4bda36-7203-4595-b3fa-54553b19268d]
2026-04-24 10:01:06,851 | INFO | ui.console | Instruction processed
2026-04-24 10:01:10,095 | INFO | ui.console | Raw instruction received: hand
2026-04-24 10:01:10,095 | INFO | ui.console | Parsed instruction task: hand
2026-04-24 10:01:10,095 | INFO | ui.console.handler | Dispatch command: task=hand
2026-04-24 10:01:10,095 | INFO | ui.console.handler | Handling hand command
2026-04-24 10:01:10,095 | INFO | ui.console.handler | Showing hand, game id=[de4bda36-7203-4595-b3fa-54553b19268d] player id=[b5979250-ffda-4a94-b56d-dc6bac73b61c]
2026-04-24 10:01:10,097 | INFO | ui.console | Instruction processed
2026-04-24 10:04:17,618 | INFO | ui.console | Raw instruction received: ext
2026-04-24 10:04:17,619 | INFO | ui.console | Parsed instruction task: ext
2026-04-24 10:04:17,619 | INFO | ui.console | Console UI exit requested
2026-04-24 10:04:17,619 | INFO | main | Application stopped
2026-04-24 10:04:26,192 | INFO | main | Application starting
2026-04-24 10:04:26,216 | INFO | main | Console app built successfully
2026-04-24 10:04:26,216 | INFO | ui.console | Console UI started
2026-04-24 10:04:28,934 | INFO | ui.console | Raw instruction received: reg loki
2026-04-24 10:04:28,935 | INFO | ui.console | Parsed instruction task: reg
2026-04-24 10:04:28,935 | INFO | ui.console.handler | Dispatch command: task=reg
2026-04-24 10:04:28,935 | INFO | ui.console.handler | Handling reg command
2026-04-24 10:04:28,952 | INFO | ui.console.handler | User loki registered and logged in, id=[c13b27a9-e3fc-40a4-af4f-8aaffb8eb17a]
2026-04-24 10:04:28,955 | INFO | ui.console | Instruction processed
2026-04-24 10:04:31,821 | INFO | ui.console | Raw instruction received: reg einch
2026-04-24 10:04:31,821 | INFO | ui.console | Parsed instruction task: reg
2026-04-24 10:04:31,821 | INFO | ui.console.handler | Dispatch command: task=reg
2026-04-24 10:04:31,821 | INFO | ui.console.handler | Handling reg command
2026-04-24 10:04:31,831 | INFO | ui.console.handler | User einch registered and logged in, id=[09598113-12b4-4a82-8f9d-b6a711bae5ad]
2026-04-24 10:04:31,832 | INFO | ui.console | Instruction processed
2026-04-24 10:04:35,132 | INFO | ui.console | Raw instruction received: reg dean
2026-04-24 10:04:35,132 | INFO | ui.console | Parsed instruction task: reg
2026-04-24 10:04:35,132 | INFO | ui.console.handler | Dispatch command: task=reg
2026-04-24 10:04:35,132 | INFO | ui.console.handler | Handling reg command
2026-04-24 10:04:35,141 | INFO | ui.console.handler | User dean registered and logged in, id=[db548e59-73df-40c9-a967-a65f14b109b9]
2026-04-24 10:04:35,142 | INFO | ui.console | Instruction processed
2026-04-24 10:04:36,667 | INFO | ui.console | Raw instruction received: new
2026-04-24 10:04:36,667 | INFO | ui.console | Parsed instruction task: new
2026-04-24 10:04:36,667 | INFO | ui.console.handler | Dispatch command: task=new
2026-04-24 10:04:36,667 | INFO | ui.console.handler | Handling new command
2026-04-24 10:04:36,667 | INFO | ui.console.handler | Registering new game, host_user_id=[db548e59-73df-40c9-a967-a65f14b109b9]
2026-04-24 10:04:36,697 | INFO | ui.console.handler | Created new game id=[0674c494-dc29-4485-9b12-d13d56fc6b3e] and joined player id=[d9e79beb-0086-412a-aaa4-e8a5cb44c749] from user id=[db548e59-73df-40c9-a967-a65f14b109b9]
2026-04-24 10:04:36,697 | INFO | ui.console | Instruction processed
2026-04-24 10:04:46,174 | INFO | ui.console | Raw instruction received: reg winch
2026-04-24 10:04:46,174 | INFO | ui.console | Parsed instruction task: reg
2026-04-24 10:04:46,174 | INFO | ui.console.handler | Dispatch command: task=reg
2026-04-24 10:04:46,174 | INFO | ui.console.handler | Handling reg command
2026-04-24 10:04:46,185 | INFO | ui.console.handler | User winch registered and logged in, id=[ad93023d-0c80-4fd3-b5ac-2c99561a1bc7]
2026-04-24 10:04:46,185 | INFO | ui.console | Instruction processed
2026-04-24 10:04:50,178 | INFO | ui.console | Raw instruction received: join winch
2026-04-24 10:04:50,178 | INFO | ui.console | Parsed instruction task: join
2026-04-24 10:04:50,179 | INFO | ui.console.handler | Dispatch command: task=join
2026-04-24 10:04:50,179 | INFO | ui.console.handler | Handling join command
2026-04-24 10:04:50,194 | INFO | ui.console.handler | Player joined, game id=[0674c494-dc29-4485-9b12-d13d56fc6b3e] user id=[ad93023d-0c80-4fd3-b5ac-2c99561a1bc7] player id=[c3981019-f335-4735-9302-88cd4328d631]
2026-04-24 10:04:50,195 | INFO | ui.console | Instruction processed
2026-04-24 10:04:57,470 | INFO | ui.console | Raw instruction received: join loki
2026-04-24 10:04:57,470 | INFO | ui.console | Parsed instruction task: join
2026-04-24 10:04:57,470 | INFO | ui.console.handler | Dispatch command: task=join
2026-04-24 10:04:57,470 | INFO | ui.console.handler | Handling join command
2026-04-24 10:04:57,477 | INFO | ui.console.handler | Player joined, game id=[0674c494-dc29-4485-9b12-d13d56fc6b3e] user id=[c13b27a9-e3fc-40a4-af4f-8aaffb8eb17a] player id=[41f9a41b-674f-4c44-8227-ed62f5455520]
2026-04-24 10:04:57,477 | INFO | ui.console | Instruction processed
2026-04-24 10:05:00,024 | INFO | ui.console | Raw instruction received: player
2026-04-24 10:05:00,024 | INFO | ui.console | Parsed instruction task: player
2026-04-24 10:05:00,024 | INFO | ui.console.handler | Dispatch command: task=player
2026-04-24 10:05:00,024 | WARNING | ui.console.handler | Unknown command received: task=player
2026-04-24 10:05:00,024 | ERROR | ui.console | Value error instr:'player': unknown instruction
2026-04-24 10:05:03,119 | INFO | ui.console | Raw instruction received: players
2026-04-24 10:05:03,120 | INFO | ui.console | Parsed instruction task: players
2026-04-24 10:05:03,120 | INFO | ui.console.handler | Dispatch command: task=players
2026-04-24 10:05:03,120 | INFO | ui.console.handler | Handling players command
2026-04-24 10:05:03,120 | INFO | ui.console.handler | Showing players, game id=[0674c494-dc29-4485-9b12-d13d56fc6b3e]
2026-04-24 10:05:03,127 | INFO | ui.console | Instruction processed
2026-04-24 10:05:13,090 | INFO | ui.console | Raw instruction received: gen_decks
2026-04-24 10:05:13,090 | INFO | ui.console | Parsed instruction task: gen_decks
2026-04-24 10:05:13,090 | INFO | ui.console.handler | Dispatch command: task=gen_decks
2026-04-24 10:05:13,090 | INFO | ui.console.handler | Handling gen_decks command
2026-04-24 10:05:13,091 | INFO | ui.console.handler | Decks generated for game id=[0674c494-dc29-4485-9b12-d13d56fc6b3e]
2026-04-24 10:05:13,093 | INFO | ui.console | Instruction processed
2026-04-24 10:05:16,086 | INFO | ui.console | Raw instruction received: hand
2026-04-24 10:05:16,086 | INFO | ui.console | Parsed instruction task: hand
2026-04-24 10:05:16,087 | INFO | ui.console.handler | Dispatch command: task=hand
2026-04-24 10:05:16,087 | INFO | ui.console.handler | Handling hand command
2026-04-24 10:05:16,087 | INFO | ui.console.handler | Showing hand, game id=[0674c494-dc29-4485-9b12-d13d56fc6b3e] player id=[41f9a41b-674f-4c44-8227-ed62f5455520]
2026-04-24 10:05:16,093 | INFO | ui.console | Instruction processed
2026-04-24 10:05:23,993 | INFO | ui.console | Raw instruction received: market
2026-04-24 10:05:23,993 | INFO | ui.console | Parsed instruction task: market
2026-04-24 10:05:23,994 | INFO | ui.console.handler | Dispatch command: task=market
2026-04-24 10:05:23,994 | INFO | ui.console.handler | Handling market command
2026-04-24 10:05:23,994 | INFO | ui.console.handler | Showing market, game id=[0674c494-dc29-4485-9b12-d13d56fc6b3e]
2026-04-24 10:05:24,005 | INFO | ui.console | Instruction processed
2026-04-24 10:05:40,922 | INFO | ui.console | Raw instruction received: run
2026-04-24 10:05:40,923 | INFO | ui.console | Parsed instruction task: run
2026-04-24 10:05:40,923 | INFO | ui.console.handler | Dispatch command: task=run
2026-04-24 10:05:40,923 | INFO | ui.console.handler | Handling run command
2026-04-24 10:05:40,936 | INFO | ui.console.handler | Game started, game id=[0674c494-dc29-4485-9b12-d13d56fc6b3e]
2026-04-24 10:05:40,937 | INFO | ui.console | Instruction processed
2026-04-24 10:05:45,167 | INFO | ui.console | Raw instruction received: game
2026-04-24 10:05:45,167 | INFO | ui.console | Parsed instruction task: game
2026-04-24 10:05:45,167 | INFO | ui.console.handler | Dispatch command: task=game
2026-04-24 10:05:45,167 | INFO | ui.console.handler | Handling game command
2026-04-24 10:05:45,167 | INFO | ui.console.handler | Showing game state, game id=[0674c494-dc29-4485-9b12-d13d56fc6b3e]
2026-04-24 10:05:45,174 | INFO | ui.console | Instruction processed
2026-04-24 10:05:49,097 | INFO | ui.console | Raw instruction received: players
2026-04-24 10:05:49,097 | INFO | ui.console | Parsed instruction task: players
2026-04-24 10:05:49,097 | INFO | ui.console.handler | Dispatch command: task=players
2026-04-24 10:05:49,097 | INFO | ui.console.handler | Handling players command
2026-04-24 10:05:49,097 | INFO | ui.console.handler | Showing players, game id=[0674c494-dc29-4485-9b12-d13d56fc6b3e]
2026-04-24 10:05:49,101 | INFO | ui.console | Instruction processed
2026-04-24 10:05:55,616 | INFO | ui.console | Raw instruction received: cur_p
2026-04-24 10:05:55,617 | INFO | ui.console | Parsed instruction task: cur_p
2026-04-24 10:05:55,617 | INFO | ui.console.handler | Dispatch command: task=cur_p
2026-04-24 10:05:55,617 | INFO | ui.console.handler | Handling cur_p command
2026-04-24 10:05:55,622 | INFO | ui.console | Instruction processed
2026-04-24 10:06:17,276 | INFO | ui.console | Raw instruction received: play Bofur
2026-04-24 10:06:17,277 | INFO | ui.console | Parsed instruction task: play
2026-04-24 10:06:17,277 | INFO | ui.console.handler | Dispatch command: task=play
2026-04-24 10:06:17,277 | INFO | ui.console.handler | Handling play command
2026-04-24 10:06:17,280 | ERROR | ui.console | Value error instr:'play Bofur': Карта не найдена
2026-04-24 10:06:26,238 | INFO | ui.console | Raw instruction received: play
2026-04-24 10:06:26,238 | INFO | ui.console | Parsed instruction task: play
2026-04-24 10:06:26,238 | INFO | ui.console.handler | Dispatch command: task=play
2026-04-24 10:06:26,238 | INFO | ui.console.handler | Handling play command
2026-04-24 10:06:32,050 | ERROR | ui.console | Value error instr:'play': Карта не найдена
2026-04-24 10:06:44,055 | INFO | ui.console | Raw instruction received: play fireball
2026-04-24 10:06:44,055 | INFO | ui.console | Parsed instruction task: play
2026-04-24 10:06:44,056 | INFO | ui.console.handler | Dispatch command: task=play
2026-04-24 10:06:44,056 | INFO | ui.console.handler | Handling play command
2026-04-24 10:06:44,057 | ERROR | ui.console | Value error instr:'play fireball': Карта не найдена
2026-04-24 10:06:52,442 | INFO | ui.console | Raw instruction received: ext
2026-04-24 10:06:52,442 | INFO | ui.console | Parsed instruction task: ext
2026-04-24 10:06:52,442 | INFO | ui.console | Console UI exit requested
2026-04-24 10:06:52,442 | INFO | main | Application stopped
2026-04-24 10:10:11,557 | INFO | main | Application starting
2026-04-24 10:10:11,564 | INFO | main | Console app built successfully
2026-04-24 10:10:11,564 | INFO | ui.console | Console UI started
2026-04-24 10:10:15,730 | INFO | ui.console | Raw instruction received: hand
2026-04-24 10:10:15,730 | INFO | ui.console | Parsed instruction task: hand
2026-04-24 10:10:15,730 | INFO | ui.console.handler | Dispatch command: task=hand
2026-04-24 10:10:15,730 | INFO | ui.console.handler | Handling hand command
2026-04-24 10:10:33,019 | INFO | main | Application starting
2026-04-24 10:10:33,027 | INFO | main | Console app built successfully
2026-04-24 10:10:33,027 | INFO | ui.console | Console UI started
2026-04-24 10:10:40,502 | INFO | ui.console | Raw instruction received: hand
2026-04-24 10:10:40,503 | INFO | ui.console | Parsed instruction task: hand
2026-04-24 10:10:40,503 | INFO | ui.console.handler | Dispatch command: task=hand
2026-04-24 10:10:40,503 | INFO | ui.console.handler | Handling hand command
2026-04-24 10:10:51,615 | INFO | ui.console.handler | Showing hand, game id=[0674c494-dc29-4485-9b12-d13d56fc6b3e] player id=[41f9a41b-674f-4c44-8227-ed62f5455520]
2026-04-24 10:10:51,626 | INFO | ui.console | Instruction processed
2026-04-24 10:10:57,046 | INFO | ui.console | Raw instruction received: ex
2026-04-24 10:10:57,046 | INFO | ui.console | Parsed instruction task: ex
2026-04-24 10:10:57,046 | INFO | ui.console.handler | Dispatch command: task=ex
2026-04-24 10:10:57,046 | WARNING | ui.console.handler | Unknown command received: task=ex
2026-04-24 10:10:57,046 | ERROR | ui.console | Value error instr:'ex': unknown instruction
2026-04-24 10:10:58,905 | INFO | ui.console | Raw instruction received: ext
2026-04-24 10:10:58,905 | INFO | ui.console | Parsed instruction task: ext
2026-04-24 10:10:58,906 | INFO | ui.console | Console UI exit requested
2026-04-24 10:10:58,906 | INFO | main | Application stopped
2026-04-24 10:11:11,212 | INFO | main | Application starting
2026-04-24 10:11:11,237 | INFO | main | Console app built successfully
2026-04-24 10:11:11,237 | INFO | ui.console | Console UI started
2026-04-24 14:04:36,054 | INFO | ui.console | Raw instruction received: ext
2026-04-24 14:04:36,054 | INFO | ui.console | Parsed instruction task: ext
2026-04-24 14:04:36,054 | INFO | ui.console | Console UI exit requested
2026-04-24 14:04:36,055 | INFO | main | Application stopped
2026-04-24 16:34:33,117 | INFO | main | Application starting
2026-04-24 16:34:33,127 | INFO | main | Console app built successfully
2026-04-24 16:34:33,127 | INFO | ui.console | Console UI started
2026-04-24 16:34:37,121 | INFO | ui.console | Raw instruction received: reg loki
2026-04-24 16:34:37,121 | INFO | ui.console | Parsed instruction task: reg
2026-04-24 16:34:37,121 | INFO | ui.console.handler | Dispatch command: task=reg
2026-04-24 16:34:37,121 | INFO | ui.console.handler | Handling reg command
2026-04-24 16:34:37,135 | INFO | ui.console.handler | User loki registered and logged in, id=[ef1979a6-d7d2-4c49-81de-9380a5ebd903]
2026-04-24 16:34:37,138 | INFO | ui.console | Instruction processed
2026-04-24 16:34:40,023 | INFO | ui.console | Raw instruction received: reg winch
2026-04-24 16:34:40,023 | INFO | ui.console | Parsed instruction task: reg
2026-04-24 16:34:40,023 | INFO | ui.console.handler | Dispatch command: task=reg
2026-04-24 16:34:40,023 | INFO | ui.console.handler | Handling reg command
2026-04-24 16:34:40,032 | INFO | ui.console.handler | User winch registered and logged in, id=[e0670447-a52f-4ef2-a7a3-cc6e6c556427]
2026-04-24 16:34:40,032 | INFO | ui.console | Instruction processed
2026-04-24 16:34:48,465 | INFO | ui.console | Raw instruction received: reg dean
2026-04-24 16:34:48,465 | INFO | ui.console | Parsed instruction task: reg
2026-04-24 16:34:48,465 | INFO | ui.console.handler | Dispatch command: task=reg
2026-04-24 16:34:48,465 | INFO | ui.console.handler | Handling reg command
2026-04-24 16:34:48,476 | INFO | ui.console.handler | User dean registered and logged in, id=[8db27629-d7c4-4df7-9eba-c34eddbecfda]
2026-04-24 16:34:48,477 | INFO | ui.console | Instruction processed
2026-04-24 16:34:55,120 | INFO | ui.console | Raw instruction received: new
2026-04-24 16:34:55,121 | INFO | ui.console | Parsed instruction task: new
2026-04-24 16:34:55,126 | INFO | ui.console.handler | Dispatch command: task=new
2026-04-24 16:34:55,126 | INFO | ui.console.handler | Handling new command
2026-04-24 16:34:55,126 | INFO | ui.console.handler | Registering new game, host_user_id=[8db27629-d7c4-4df7-9eba-c34eddbecfda]
2026-04-24 16:34:55,152 | INFO | ui.console.handler | Created new game id=[b08a087c-b0d4-4078-b80f-b4a0d2521b9a] and joined player id=[4b955bef-55b2-4716-ad2b-23dee4274acb] from user id=[8db27629-d7c4-4df7-9eba-c34eddbecfda]
2026-04-24 16:34:55,153 | INFO | ui.console | Instruction processed
2026-04-24 16:35:01,477 | INFO | ui.console | Raw instruction received: join loki
2026-04-24 16:35:01,477 | INFO | ui.console | Parsed instruction task: join
2026-04-24 16:35:01,477 | INFO | ui.console.handler | Dispatch command: task=join
2026-04-24 16:35:01,477 | INFO | ui.console.handler | Handling join command
2026-04-24 16:35:01,495 | INFO | ui.console.handler | Player joined, game id=[b08a087c-b0d4-4078-b80f-b4a0d2521b9a] user id=[ef1979a6-d7d2-4c49-81de-9380a5ebd903] player id=[34d40e7a-aa02-4d42-8507-5bfb109b685d]
2026-04-24 16:35:01,496 | INFO | ui.console | Instruction processed
2026-04-24 16:35:04,709 | INFO | ui.console | Raw instruction received: join winch
2026-04-24 16:35:04,709 | INFO | ui.console | Parsed instruction task: join
2026-04-24 16:35:04,709 | INFO | ui.console.handler | Dispatch command: task=join
2026-04-24 16:35:04,709 | INFO | ui.console.handler | Handling join command
2026-04-24 16:35:04,730 | INFO | ui.console.handler | Player joined, game id=[b08a087c-b0d4-4078-b80f-b4a0d2521b9a] user id=[e0670447-a52f-4ef2-a7a3-cc6e6c556427] player id=[5fdf6918-7e5d-4f73-a0cc-01b37fd3b9eb]
2026-04-24 16:35:04,731 | INFO | ui.console | Instruction processed
2026-04-24 16:35:09,752 | INFO | ui.console | Raw instruction received: gen_decks
2026-04-24 16:35:09,752 | INFO | ui.console | Parsed instruction task: gen_decks
2026-04-24 16:35:09,752 | INFO | ui.console.handler | Dispatch command: task=gen_decks
2026-04-24 16:35:09,752 | INFO | ui.console.handler | Handling gen_decks command
2026-04-24 16:35:09,752 | INFO | ui.console.handler | Decks generated for game id=[b08a087c-b0d4-4078-b80f-b4a0d2521b9a]
2026-04-24 16:35:09,753 | INFO | ui.console | Instruction processed
2026-04-24 16:35:13,756 | INFO | ui.console | Raw instruction received: players
2026-04-24 16:35:13,756 | INFO | ui.console | Parsed instruction task: players
2026-04-24 16:35:13,756 | INFO | ui.console.handler | Dispatch command: task=players
2026-04-24 16:35:13,756 | INFO | ui.console.handler | Handling players command
2026-04-24 16:35:13,757 | INFO | ui.console.handler | Showing players, game id=[b08a087c-b0d4-4078-b80f-b4a0d2521b9a]
2026-04-24 16:35:13,761 | INFO | ui.console | Instruction processed
2026-04-24 16:35:16,457 | INFO | ui.console | Raw instruction received: run
2026-04-24 16:35:16,457 | INFO | ui.console | Parsed instruction task: run
2026-04-24 16:35:16,457 | INFO | ui.console.handler | Dispatch command: task=run
2026-04-24 16:35:16,457 | INFO | ui.console.handler | Handling run command
2026-04-24 16:35:16,470 | INFO | ui.console.handler | Game started, game id=[b08a087c-b0d4-4078-b80f-b4a0d2521b9a]
2026-04-24 16:35:16,470 | INFO | ui.console | Instruction processed
2026-04-24 16:35:19,118 | INFO | ui.console | Raw instruction received: players
2026-04-24 16:35:19,119 | INFO | ui.console | Parsed instruction task: players
2026-04-24 16:35:19,119 | INFO | ui.console.handler | Dispatch command: task=players
2026-04-24 16:35:19,119 | INFO | ui.console.handler | Handling players command
2026-04-24 16:35:19,119 | INFO | ui.console.handler | Showing players, game id=[b08a087c-b0d4-4078-b80f-b4a0d2521b9a]
2026-04-24 16:35:19,123 | INFO | ui.console | Instruction processed
2026-04-24 16:35:21,939 | INFO | ui.console | Raw instruction received: game
2026-04-24 16:35:21,940 | INFO | ui.console | Parsed instruction task: game
2026-04-24 16:35:21,940 | INFO | ui.console.handler | Dispatch command: task=game
2026-04-24 16:35:21,940 | INFO | ui.console.handler | Handling game command
2026-04-24 16:35:21,940 | INFO | ui.console.handler | Showing game state, game id=[b08a087c-b0d4-4078-b80f-b4a0d2521b9a]
2026-04-24 16:35:21,942 | INFO | ui.console | Instruction processed
2026-04-24 16:35:27,022 | INFO | ui.console | Raw instruction received: hand
2026-04-24 16:35:27,022 | INFO | ui.console | Parsed instruction task: hand
2026-04-24 16:35:27,022 | INFO | ui.console.handler | Dispatch command: task=hand
2026-04-24 16:35:27,022 | INFO | ui.console.handler | Handling hand command
2026-04-24 16:35:27,022 | INFO | ui.console.handler | Showing hand, game id=[b08a087c-b0d4-4078-b80f-b4a0d2521b9a] player id=[5fdf6918-7e5d-4f73-a0cc-01b37fd3b9eb]
2026-04-24 16:35:27,027 | INFO | ui.console | Instruction processed
2026-04-24 16:35:33,083 | INFO | ui.console | Raw instruction received: cur_p
2026-04-24 16:35:33,083 | INFO | ui.console | Parsed instruction task: cur_p
2026-04-24 16:35:33,083 | INFO | ui.console.handler | Dispatch command: task=cur_p
2026-04-24 16:35:33,083 | INFO | ui.console.handler | Handling cur_p command
2026-04-24 16:35:33,089 | INFO | ui.console | Instruction processed
2026-04-24 16:35:44,248 | INFO | ui.console | Raw instruction received: all
2026-04-24 16:35:44,248 | INFO | ui.console | Parsed instruction task: all
2026-04-24 16:35:44,248 | INFO | ui.console.handler | Dispatch command: task=all
2026-04-24 16:35:44,248 | INFO | ui.console.handler | Handling all command
2026-04-24 16:35:44,250 | INFO | ui.console | Instruction processed
2026-04-24 16:35:49,507 | INFO | ui.console | Raw instruction received: ext
2026-04-24 16:35:49,508 | INFO | ui.console | Parsed instruction task: ext
2026-04-24 16:35:49,508 | INFO | ui.console | Console UI exit requested
2026-04-24 16:35:49,508 | INFO | main | Application stopped
2026-04-24 16:36:00,763 | INFO | main | Application starting
2026-04-24 16:36:00,791 | INFO | main | Console app built successfully
2026-04-24 16:36:00,791 | INFO | ui.console | Console UI started
2026-04-24 16:36:18,920 | INFO | ui.console | Raw instruction received: reg loki
2026-04-24 16:36:18,920 | INFO | ui.console | Parsed instruction task: reg
2026-04-24 16:36:18,920 | INFO | ui.console.handler | Dispatch command: task=reg
2026-04-24 16:36:18,920 | INFO | ui.console.handler | Handling reg command
2026-04-24 16:36:18,937 | INFO | ui.console.handler | User loki registered and logged in, id=[db1c048c-c6f7-4be7-a42c-5259ca6ed743]
2026-04-24 16:36:18,941 | INFO | ui.console | Instruction processed
2026-04-24 16:36:29,469 | INFO | ui.console | Raw instruction received: reg winch
2026-04-24 16:36:29,470 | INFO | ui.console | Parsed instruction task: reg
2026-04-24 16:36:29,470 | INFO | ui.console.handler | Dispatch command: task=reg
2026-04-24 16:36:29,470 | INFO | ui.console.handler | Handling reg command
2026-04-24 16:36:29,481 | INFO | ui.console.handler | User winch registered and logged in, id=[f2d29ab5-ea81-491f-9835-0bbb6cae342c]
2026-04-24 16:36:29,482 | INFO | ui.console | Instruction processed
2026-04-24 16:36:31,977 | INFO | ui.console | Raw instruction received: reg dean
2026-04-24 16:36:31,977 | INFO | ui.console | Parsed instruction task: reg
2026-04-24 16:36:31,977 | INFO | ui.console.handler | Dispatch command: task=reg
2026-04-24 16:36:31,977 | INFO | ui.console.handler | Handling reg command
2026-04-24 16:36:31,986 | INFO | ui.console.handler | User dean registered and logged in, id=[4b53895f-03a5-46da-bf36-b3c56e769d79]
2026-04-24 16:36:31,987 | INFO | ui.console | Instruction processed
2026-04-24 16:36:35,023 | INFO | ui.console | Raw instruction received: users
2026-04-24 16:36:35,023 | INFO | ui.console | Parsed instruction task: users
2026-04-24 16:36:35,023 | INFO | ui.console.handler | Dispatch command: task=users
2026-04-24 16:36:35,023 | INFO | ui.console.handler | Handling users command
2026-04-24 16:36:35,026 | INFO | ui.console | Instruction processed
2026-04-24 16:36:48,541 | INFO | ui.console | Raw instruction received: cur_u
2026-04-24 16:36:48,541 | INFO | ui.console | Parsed instruction task: cur_u
2026-04-24 16:36:48,541 | INFO | ui.console.handler | Dispatch command: task=cur_u
2026-04-24 16:36:48,541 | INFO | ui.console.handler | Handling cur_u command
2026-04-24 16:36:48,544 | INFO | ui.console | Instruction processed
2026-04-24 16:36:52,301 | INFO | ui.console | Raw instruction received: new
2026-04-24 16:36:52,301 | INFO | ui.console | Parsed instruction task: new
2026-04-24 16:36:52,301 | INFO | ui.console.handler | Dispatch command: task=new
2026-04-24 16:36:52,301 | INFO | ui.console.handler | Handling new command
2026-04-24 16:36:52,301 | INFO | ui.console.handler | Registering new game, host_user_id=[4b53895f-03a5-46da-bf36-b3c56e769d79]
2026-04-24 16:36:52,325 | INFO | ui.console.handler | Created new game id=[0822f0ea-5270-4f55-a2e4-f8c9745c8ea6] and joined player id=[ef5daa09-381a-4f97-9943-55e40805f6c7] from user id=[4b53895f-03a5-46da-bf36-b3c56e769d79]
2026-04-24 16:36:52,326 | INFO | ui.console | Instruction processed
2026-04-24 16:37:06,234 | INFO | ui.console | Raw instruction received: join loki
2026-04-24 16:37:06,234 | INFO | ui.console | Parsed instruction task: join
2026-04-24 16:37:06,234 | INFO | ui.console.handler | Dispatch command: task=join
2026-04-24 16:37:06,234 | INFO | ui.console.handler | Handling join command
2026-04-24 16:37:06,275 | INFO | ui.console.handler | Player joined, game id=[0822f0ea-5270-4f55-a2e4-f8c9745c8ea6] user id=[db1c048c-c6f7-4be7-a42c-5259ca6ed743] player id=[a12cb381-5dcf-4664-b908-91191f25c1f3]
2026-04-24 16:37:06,275 | INFO | ui.console | Instruction processed
2026-04-24 16:37:09,216 | INFO | ui.console | Raw instruction received: join winch
2026-04-24 16:37:09,216 | INFO | ui.console | Parsed instruction task: join
2026-04-24 16:37:09,216 | INFO | ui.console.handler | Dispatch command: task=join
2026-04-24 16:37:09,216 | INFO | ui.console.handler | Handling join command
2026-04-24 16:37:09,229 | INFO | ui.console.handler | Player joined, game id=[0822f0ea-5270-4f55-a2e4-f8c9745c8ea6] user id=[f2d29ab5-ea81-491f-9835-0bbb6cae342c] player id=[0f7f23fc-5228-4b64-b415-d843ad8f3f28]
2026-04-24 16:37:09,229 | INFO | ui.console | Instruction processed
2026-04-24 16:37:11,623 | INFO | ui.console | Raw instruction received: players
2026-04-24 16:37:11,623 | INFO | ui.console | Parsed instruction task: players
2026-04-24 16:37:11,623 | INFO | ui.console.handler | Dispatch command: task=players
2026-04-24 16:37:11,623 | INFO | ui.console.handler | Handling players command
2026-04-24 16:37:11,623 | INFO | ui.console.handler | Showing players, game id=[0822f0ea-5270-4f55-a2e4-f8c9745c8ea6]
2026-04-24 16:37:11,627 | INFO | ui.console | Instruction processed
2026-04-24 16:37:21,726 | INFO | ui.console | Raw instruction received: game
2026-04-24 16:37:21,726 | INFO | ui.console | Parsed instruction task: game
2026-04-24 16:37:21,726 | INFO | ui.console.handler | Dispatch command: task=game
2026-04-24 16:37:21,726 | INFO | ui.console.handler | Handling game command
2026-04-24 16:37:21,726 | INFO | ui.console.handler | Showing game state, game id=[0822f0ea-5270-4f55-a2e4-f8c9745c8ea6]
2026-04-24 16:37:21,732 | INFO | ui.console | Instruction processed
2026-04-24 16:37:31,686 | INFO | ui.console | Raw instruction received: gen_decks
2026-04-24 16:37:31,686 | INFO | ui.console | Parsed instruction task: gen_decks
2026-04-24 16:37:31,686 | INFO | ui.console.handler | Dispatch command: task=gen_decks
2026-04-24 16:37:31,686 | INFO | ui.console.handler | Handling gen_decks command
2026-04-24 16:37:31,687 | INFO | ui.console.handler | Decks generated for game id=[0822f0ea-5270-4f55-a2e4-f8c9745c8ea6]
2026-04-24 16:37:31,688 | INFO | ui.console | Instruction processed
2026-04-24 16:37:36,106 | INFO | ui.console | Raw instruction received: run
2026-04-24 16:37:36,106 | INFO | ui.console | Parsed instruction task: run
2026-04-24 16:37:36,106 | INFO | ui.console.handler | Dispatch command: task=run
2026-04-24 16:37:36,107 | INFO | ui.console.handler | Handling run command
2026-04-24 16:37:36,123 | INFO | ui.console.handler | Game started, game id=[0822f0ea-5270-4f55-a2e4-f8c9745c8ea6]
2026-04-24 16:37:36,123 | INFO | ui.console | Instruction processed
2026-04-24 16:37:38,573 | INFO | ui.console | Raw instruction received: game
2026-04-24 16:37:38,573 | INFO | ui.console | Parsed instruction task: game
2026-04-24 16:37:38,573 | INFO | ui.console.handler | Dispatch command: task=game
2026-04-24 16:37:38,573 | INFO | ui.console.handler | Handling game command
2026-04-24 16:37:38,573 | INFO | ui.console.handler | Showing game state, game id=[0822f0ea-5270-4f55-a2e4-f8c9745c8ea6]
2026-04-24 16:37:38,576 | INFO | ui.console | Instruction processed
2026-04-24 16:38:14,047 | INFO | ui.console | Raw instruction received: players
2026-04-24 16:38:14,047 | INFO | ui.console | Parsed instruction task: players
2026-04-24 16:38:14,047 | INFO | ui.console.handler | Dispatch command: task=players
2026-04-24 16:38:14,047 | INFO | ui.console.handler | Handling players command
2026-04-24 16:38:14,047 | INFO | ui.console.handler | Showing players, game id=[0822f0ea-5270-4f55-a2e4-f8c9745c8ea6]
2026-04-24 16:38:14,054 | INFO | ui.console | Instruction processed
2026-04-24 16:38:19,664 | INFO | ui.console | Raw instruction received: hand
2026-04-24 16:38:19,665 | INFO | ui.console | Parsed instruction task: hand
2026-04-24 16:38:19,665 | INFO | ui.console.handler | Dispatch command: task=hand
2026-04-24 16:38:19,665 | INFO | ui.console.handler | Handling hand command
2026-04-24 16:38:19,665 | INFO | ui.console.handler | Showing hand, game id=[0822f0ea-5270-4f55-a2e4-f8c9745c8ea6] player id=[0f7f23fc-5228-4b64-b415-d843ad8f3f28]
2026-04-24 16:38:19,676 | INFO | ui.console | Instruction processed
2026-04-24 16:38:26,653 | INFO | ui.console | Raw instruction received: cur_p
2026-04-24 16:38:26,654 | INFO | ui.console | Parsed instruction task: cur_p
2026-04-24 16:38:26,654 | INFO | ui.console.handler | Dispatch command: task=cur_p
2026-04-24 16:38:26,654 | INFO | ui.console.handler | Handling cur_p command
2026-04-24 16:38:26,659 | INFO | ui.console | Instruction processed
2026-04-24 16:39:28,155 | INFO | ui.console | Raw instruction received: play Balin
2026-04-24 16:39:28,155 | INFO | ui.console | Parsed instruction task: play
2026-04-24 16:39:28,155 | INFO | ui.console.handler | Dispatch command: task=play
2026-04-24 16:39:28,156 | INFO | ui.console.handler | Handling play command
2026-04-24 16:39:28,159 | ERROR | ui.console | Value error instr:'play Balin': Not your turn
2026-04-24 16:40:08,175 | INFO | ui.console | Raw instruction received: hand ef5daa09-381a-4f97-9943-55e40805f6c7
2026-04-24 16:40:08,175 | INFO | ui.console | Parsed instruction task: hand
2026-04-24 16:40:08,175 | INFO | ui.console.handler | Dispatch command: task=hand
2026-04-24 16:40:08,175 | INFO | ui.console.handler | Handling hand command
2026-04-24 16:40:08,175 | INFO | ui.console.handler | Showing hand, game id=[0822f0ea-5270-4f55-a2e4-f8c9745c8ea6] player id=[ef5daa09-381a-4f97-9943-55e40805f6c7]
2026-04-24 16:40:08,180 | INFO | ui.console | Instruction processed
2026-04-24 16:40:18,146 | INFO | ui.console | Raw instruction received: play Snake
2026-04-24 16:40:18,146 | INFO | ui.console | Parsed instruction task: play
2026-04-24 16:40:18,146 | INFO | ui.console.handler | Dispatch command: task=play
2026-04-24 16:40:18,146 | INFO | ui.console.handler | Handling play command
2026-04-24 16:40:18,146 | ERROR | ui.console | Value error instr:'play Snake': card 'Snake' not found in hand
2026-04-24 16:40:56,392 | INFO | ui.console | Raw instruction received: play 783c0a9f-005d-4773-8c4e-7a7e465db62c ef5daa09-381a-4f97-9943-55e40805f6c7
2026-04-24 16:40:56,392 | INFO | ui.console | Parsed instruction task: play
2026-04-24 16:40:56,392 | INFO | ui.console.handler | Dispatch command: task=play
2026-04-24 16:40:56,393 | INFO | ui.console.handler | Handling play command
2026-04-24 16:40:56,394 | ERROR | ui.console | Unexp err: Game ef5daa09-381a-4f97-9943-55e40805f6c7 not found
2026-04-24 16:42:02,796 | INFO | ui.console | Raw instruction received: play 783c0a9f-005d-4773-8c4e-7a7e465db62c 0822f0ea-5270-4f55-a2e4-f8c9745c8ea6 ef5daa09-381a-4f97-9943-55e40805f6c7
2026-04-24 16:42:02,796 | INFO | ui.console | Parsed instruction task: play
2026-04-24 16:42:02,796 | INFO | ui.console.handler | Dispatch command: task=play
2026-04-24 16:42:02,796 | INFO | ui.console.handler | Handling play command
2026-04-24 16:42:02,799 | ERROR | ui.console | Value error instr:'play 783c0a9f-005d-4773-8c4e-7a7e465db62c 0822f0ea-5270-4f55-a2e4-f8c9745c8ea6 ef5daa09-381a-4f97-9943-55e40805f6c7': Not your turn
2026-04-24 16:42:55,851 | INFO | ui.console | Raw instruction received: game
2026-04-24 16:42:55,851 | INFO | ui.console | Parsed instruction task: game
2026-04-24 16:42:55,851 | INFO | ui.console.handler | Dispatch command: task=game
2026-04-24 16:42:55,852 | INFO | ui.console.handler | Handling game command
2026-04-24 16:42:55,852 | INFO | ui.console.handler | Showing game state, game id=[0822f0ea-5270-4f55-a2e4-f8c9745c8ea6]
2026-04-24 16:42:55,856 | INFO | ui.console | Instruction processed
2026-04-24 16:43:25,276 | INFO | ui.console | Raw instruction received: play Snake 0822f0ea-5270-4f55-a2e4-f8c9745c8ea6 ef5daa09-381a-4f97-9943-55e40805f6c7
2026-04-24 16:43:25,276 | INFO | ui.console | Parsed instruction task: play
2026-04-24 16:43:25,276 | INFO | ui.console.handler | Dispatch command: task=play
2026-04-24 16:43:25,277 | INFO | ui.console.handler | Handling play command
2026-04-24 16:43:25,277 | ERROR | ui.console | Value error instr:'play Snake 0822f0ea-5270-4f55-a2e4-f8c9745c8ea6 ef5daa09-381a-4f97-9943-55e40805f6c7': card 'Snake' not found in hand
2026-04-24 16:43:50,894 | INFO | ui.console | Raw instruction received: play 783c0a9f-005d-4773-8c4e-7a7e465db62cc 0822f0ea-5270-4f55-a2e4-f8c9745c8ea6 ef5daa09-381a-4f97-9943-55e40805f6c7
2026-04-24 16:43:50,894 | INFO | ui.console | Parsed instruction task: play
2026-04-24 16:43:50,894 | INFO | ui.console.handler | Dispatch command: task=play
2026-04-24 16:43:50,894 | INFO | ui.console.handler | Handling play command
2026-04-24 16:43:50,895 | ERROR | ui.console | Value error instr:'play 783c0a9f-005d-4773-8c4e-7a7e465db62cc 0822f0ea-5270-4f55-a2e4-f8c9745c8ea6 ef5daa09-381a-4f97-9943-55e40805f6c7': card '783c0a9f-005d-4773-8c4e-7a7e465db62cc' not found in hand
2026-04-24 16:43:59,235 | INFO | ui.console | Raw instruction received: hand ef5daa09-381a-4f97-9943-55e40805f6c7
2026-04-24 16:43:59,235 | INFO | ui.console | Parsed instruction task: hand
2026-04-24 16:43:59,235 | INFO | ui.console.handler | Dispatch command: task=hand
2026-04-24 16:43:59,236 | INFO | ui.console.handler | Handling hand command
2026-04-24 16:43:59,236 | INFO | ui.console.handler | Showing hand, game id=[0822f0ea-5270-4f55-a2e4-f8c9745c8ea6] player id=[ef5daa09-381a-4f97-9943-55e40805f6c7]
2026-04-24 16:43:59,241 | INFO | ui.console | Instruction processed
2026-04-24 16:44:49,195 | INFO | ui.console | Raw instruction received: play 783c0a9f-005d-4773-8c4e-7a7e465db62c 0822f0ea-5270-4f55-a2e4-f8c9745c8ea6 ef5daa09-381a-4f97-9943-55e40805f6c7
2026-04-24 16:44:49,195 | INFO | ui.console | Parsed instruction task: play
2026-04-24 16:44:49,195 | INFO | ui.console.handler | Dispatch command: task=play
2026-04-24 16:44:49,195 | INFO | ui.console.handler | Handling play command
2026-04-24 16:44:49,198 | ERROR | ui.console | Value error instr:'play 783c0a9f-005d-4773-8c4e-7a7e465db62c 0822f0ea-5270-4f55-a2e4-f8c9745c8ea6 ef5daa09-381a-4f97-9943-55e40805f6c7': Not your turn
2026-04-24 16:57:08,491 | INFO | ui.console | Raw instruction received: ext
2026-04-24 16:57:08,491 | INFO | ui.console | Parsed instruction task: ext
2026-04-24 16:57:08,491 | INFO | ui.console | Console UI exit requested
2026-04-24 16:57:08,491 | INFO | main | Application stopped
2026-04-27 00:57:41,746 | INFO | main | Application starting
2026-04-27 00:57:41,755 | INFO | main | Console app built successfully
2026-04-27 00:57:41,756 | INFO | ui.console | Console UI started
2026-04-27 00:58:22,386 | INFO | ui.console | Raw instruction received: reg loki
2026-04-27 00:58:22,387 | INFO | ui.console | Parsed instruction task: reg
2026-04-27 00:58:22,387 | INFO | ui.console.handler | Dispatch command: task=reg
2026-04-27 00:58:22,387 | INFO | ui.console.handler | Handling reg command
2026-04-27 00:58:22,397 | ERROR | ui.console | Unexp err: failed to save user: integrity constraint violated
2026-04-27 00:58:35,480 | INFO | ui.console | Raw instruction received: rm app.db
2026-04-27 00:58:35,481 | INFO | ui.console | Parsed instruction task: rm
2026-04-27 00:58:35,481 | INFO | ui.console.handler | Dispatch command: task=rm
2026-04-27 00:58:35,481 | WARNING | ui.console.handler | Unknown command received: task=rm
2026-04-27 00:58:35,481 | ERROR | ui.console | Value error instr:'rm app.db': unknown instruction
2026-04-27 00:58:49,005 | INFO | ui.console | Raw instruction received: ext
2026-04-27 00:58:49,005 | INFO | ui.console | Parsed instruction task: ext
2026-04-27 00:58:49,005 | INFO | ui.console | Console UI exit requested
2026-04-27 00:58:49,005 | INFO | main | Application stopped
2026-04-27 00:59:32,382 | INFO | main | Application starting
2026-04-27 00:59:32,389 | INFO | main | Console app built successfully
2026-04-27 00:59:32,389 | INFO | ui.console | Console UI started
2026-04-27 01:02:06,702 | INFO | ui.console | Raw instruction received: hand
2026-04-27 01:02:06,703 | INFO | ui.console | Parsed instruction task: hand
2026-04-27 01:02:06,703 | INFO | ui.console.handler | Dispatch command: task=hand
2026-04-27 01:02:06,703 | INFO | ui.console.handler | Handling hand command
2026-04-27 01:02:12,183 | ERROR | ui.console | Value error instr:'hand': invalid player_id
2026-04-27 01:02:15,716 | INFO | ui.console | Raw instruction received: hand
2026-04-27 01:02:15,716 | INFO | ui.console | Parsed instruction task: hand
2026-04-27 01:02:15,716 | INFO | ui.console.handler | Dispatch command: task=hand
2026-04-27 01:02:15,716 | INFO | ui.console.handler | Handling hand command
2026-04-27 01:02:16,198 | INFO | ui.console.handler | Command cancelled by empty input
2026-04-27 01:02:16,204 | INFO | ui.console | Instruction processed
2026-04-27 01:02:38,212 | INFO | main | Application starting
2026-04-27 01:02:38,239 | INFO | main | Console app built successfully
2026-04-27 01:02:38,239 | INFO | ui.console | Console UI started
2026-04-27 01:02:48,782 | INFO | ui.console | Raw instruction received: reg loki
2026-04-27 01:02:48,782 | INFO | ui.console | Parsed instruction task: reg
2026-04-27 01:02:48,783 | INFO | ui.console.handler | Dispatch command: task=reg
2026-04-27 01:02:48,783 | INFO | ui.console.handler | Handling reg command
2026-04-27 01:02:48,802 | INFO | ui.console.handler | User loki registered and logged in, id=[ba068252-6dc0-4b04-871b-770a35eddcf7]
2026-04-27 01:02:48,804 | INFO | ui.console | Instruction processed
2026-04-27 01:03:00,779 | INFO | ui.console | Raw instruction received: new
2026-04-27 01:03:00,779 | INFO | ui.console | Parsed instruction task: new
2026-04-27 01:03:00,779 | INFO | ui.console.handler | Dispatch command: task=new
2026-04-27 01:03:00,779 | INFO | ui.console.handler | Handling new command
2026-04-27 01:03:00,779 | INFO | ui.console.handler | Registering new game, host_user_id=[ba068252-6dc0-4b04-871b-770a35eddcf7]
2026-04-27 01:03:00,805 | INFO | ui.console.handler | Created new game id=[6bee8c1f-ec68-49f9-bb57-cc4e5e548e06] and joined player id=[c4283fa6-8b09-44bd-96c4-c6762b2c2a13] from user id=[ba068252-6dc0-4b04-871b-770a35eddcf7]
2026-04-27 01:03:00,805 | INFO | ui.console | Instruction processed
2026-04-27 01:03:04,312 | INFO | ui.console | Raw instruction received: players
2026-04-27 01:03:04,312 | INFO | ui.console | Parsed instruction task: players
2026-04-27 01:03:04,312 | INFO | ui.console.handler | Dispatch command: task=players
2026-04-27 01:03:04,312 | INFO | ui.console.handler | Handling players command
2026-04-27 01:03:04,312 | INFO | ui.console.handler | Showing players, game id=[6bee8c1f-ec68-49f9-bb57-cc4e5e548e06]
2026-04-27 01:03:04,319 | INFO | ui.console | Instruction processed
2026-04-27 01:03:07,525 | INFO | ui.console | Raw instruction received: game
2026-04-27 01:03:07,525 | INFO | ui.console | Parsed instruction task: game
2026-04-27 01:03:07,525 | INFO | ui.console.handler | Dispatch command: task=game
2026-04-27 01:03:07,525 | INFO | ui.console.handler | Handling game command
2026-04-27 01:03:07,525 | INFO | ui.console.handler | Showing game state, game id=[6bee8c1f-ec68-49f9-bb57-cc4e5e548e06]
2026-04-27 01:03:07,531 | INFO | ui.console | Instruction processed
2026-04-27 01:03:13,238 | INFO | ui.console | Raw instruction received: gen_decks
2026-04-27 01:03:13,238 | INFO | ui.console | Parsed instruction task: gen_decks
2026-04-27 01:03:13,238 | INFO | ui.console.handler | Dispatch command: task=gen_decks
2026-04-27 01:03:13,238 | INFO | ui.console.handler | Handling gen_decks command
2026-04-27 01:03:13,240 | INFO | ui.console.handler | Decks generated for game id=[6bee8c1f-ec68-49f9-bb57-cc4e5e548e06]
2026-04-27 01:03:13,241 | INFO | ui.console | Instruction processed
2026-04-27 01:03:21,362 | INFO | ui.console | Raw instruction received: run
2026-04-27 01:03:21,363 | INFO | ui.console | Parsed instruction task: run
2026-04-27 01:03:21,363 | INFO | ui.console.handler | Dispatch command: task=run
2026-04-27 01:03:21,363 | INFO | ui.console.handler | Handling run command
2026-04-27 01:03:21,376 | INFO | ui.console.handler | Game started, game id=[6bee8c1f-ec68-49f9-bb57-cc4e5e548e06]
2026-04-27 01:03:21,376 | INFO | ui.console | Instruction processed
2026-04-27 01:03:25,572 | INFO | ui.console | Raw instruction received: hand
2026-04-27 01:03:25,572 | INFO | ui.console | Parsed instruction task: hand
2026-04-27 01:03:25,572 | INFO | ui.console.handler | Dispatch command: task=hand
2026-04-27 01:03:25,572 | INFO | ui.console.handler | Handling hand command
2026-04-27 01:03:25,572 | INFO | ui.console.handler | Showing hand, game id=[6bee8c1f-ec68-49f9-bb57-cc4e5e548e06] player id=[c4283fa6-8b09-44bd-96c4-c6762b2c2a13]
2026-04-27 01:03:25,583 | INFO | ui.console | Instruction processed
2026-04-27 01:03:29,058 | INFO | ui.console | Raw instruction received: market
2026-04-27 01:03:29,058 | INFO | ui.console | Parsed instruction task: market
2026-04-27 01:03:29,058 | INFO | ui.console.handler | Dispatch command: task=market
2026-04-27 01:03:29,058 | INFO | ui.console.handler | Handling market command
2026-04-27 01:03:29,058 | INFO | ui.console.handler | Showing market, game id=[6bee8c1f-ec68-49f9-bb57-cc4e5e548e06]
2026-04-27 01:03:29,065 | INFO | ui.console | Instruction processed
2026-04-27 01:03:47,114 | INFO | ui.console | Raw instruction received: cur_p
2026-04-27 01:03:47,114 | INFO | ui.console | Parsed instruction task: cur_p
2026-04-27 01:03:47,115 | INFO | ui.console.handler | Dispatch command: task=cur_p
2026-04-27 01:03:47,115 | INFO | ui.console.handler | Handling cur_p command
2026-04-27 01:03:47,123 | INFO | ui.console | Instruction processed
2026-04-27 01:03:52,017 | INFO | ui.console | Raw instruction received: play Hawk
2026-04-27 01:03:52,017 | INFO | ui.console | Parsed instruction task: play
2026-04-27 01:03:52,018 | INFO | ui.console.handler | Dispatch command: task=play
2026-04-27 01:03:52,018 | INFO | ui.console.handler | Handling play command
2026-04-27 01:03:52,020 | ERROR | ui.console | Value error instr:'play Hawk': Card not in deck
2026-04-27 01:03:58,920 | INFO | ui.console | Raw instruction received: play 69654e3a-19d4-40dc-8b4d-c72b46807c89
2026-04-27 01:03:58,920 | INFO | ui.console | Parsed instruction task: play
2026-04-27 01:03:58,920 | INFO | ui.console.handler | Dispatch command: task=play
2026-04-27 01:03:58,920 | INFO | ui.console.handler | Handling play command
2026-04-27 01:03:58,923 | ERROR | ui.console | Value error instr:'play 69654e3a-19d4-40dc-8b4d-c72b46807c89': Card not in deck
2026-04-27 01:04:01,535 | INFO | ui.console | Raw instruction received: play
2026-04-27 01:04:01,536 | INFO | ui.console | Parsed instruction task: play
2026-04-27 01:04:01,536 | INFO | ui.console.handler | Dispatch command: task=play
2026-04-27 01:04:01,536 | INFO | ui.console.handler | Handling play command
2026-04-27 01:04:02,331 | INFO | ui.console.handler | Command cancelled by empty input
2026-04-27 01:04:02,332 | INFO | ui.console | Instruction processed
2026-04-27 01:04:14,877 | INFO | ui.console | Raw instruction received: buy Gloin
2026-04-27 01:04:14,877 | INFO | ui.console | Parsed instruction task: buy
2026-04-27 01:04:14,877 | INFO | ui.console.handler | Dispatch command: task=buy
2026-04-27 01:04:14,877 | INFO | ui.console.handler | Handling buy command
2026-04-27 01:04:14,880 | ERROR | ui.console | Value error instr:'buy Gloin': Card not in deck
2026-04-27 01:04:20,679 | INFO | ui.console | Raw instruction received: buy 69654e3a-19d4-40dc-8b4d-c72b46807c89
2026-04-27 01:04:20,679 | INFO | ui.console | Parsed instruction task: buy
2026-04-27 01:04:20,679 | INFO | ui.console.handler | Dispatch command: task=buy
2026-04-27 01:04:20,679 | INFO | ui.console.handler | Handling buy command
2026-04-27 01:04:20,680 | ERROR | ui.console | Value error instr:'buy 69654e3a-19d4-40dc-8b4d-c72b46807c89': Card not in deck
2026-05-02 15:37:06,222 | INFO | main | Application starting
2026-05-02 15:37:06,252 | INFO | main | Console app built successfully
2026-05-02 15:37:06,252 | INFO | ui.console | Console UI started
2026-05-02 15:37:13,069 | INFO | ui.console | Raw instruction received: reg
2026-05-02 15:37:13,069 | INFO | ui.console | Parsed instruction task: reg
2026-05-02 15:37:13,069 | INFO | ui.console.handler | Dispatch command: task=reg
2026-05-02 15:37:13,069 | INFO | ui.console.handler | Handling reg command
2026-05-02 15:37:15,265 | INFO | ui.console.handler | User loki registered and logged in, id=[32c470ab-a05b-44e0-80d3-e2d827d080b7]
2026-05-02 15:37:15,269 | INFO | ui.console | Instruction processed
2026-05-02 15:37:18,804 | INFO | ui.console | Raw instruction received: reg winch
2026-05-02 15:37:18,804 | INFO | ui.console | Parsed instruction task: reg
2026-05-02 15:37:18,804 | INFO | ui.console.handler | Dispatch command: task=reg
2026-05-02 15:37:18,805 | INFO | ui.console.handler | Handling reg command
2026-05-02 15:37:18,815 | INFO | ui.console.handler | User winch registered and logged in, id=[02ccf9b2-b8b8-487d-a329-a79e7c0c51e1]
2026-05-02 15:37:18,816 | INFO | ui.console | Instruction processed
2026-05-02 15:37:21,082 | INFO | ui.console | Raw instruction received: new
2026-05-02 15:37:21,082 | INFO | ui.console | Parsed instruction task: new
2026-05-02 15:37:21,082 | INFO | ui.console.handler | Dispatch command: task=new
2026-05-02 15:37:21,082 | INFO | ui.console.handler | Handling new command
2026-05-02 15:37:21,082 | INFO | ui.console.handler | Registering new game, host_user_id=[02ccf9b2-b8b8-487d-a329-a79e7c0c51e1]
2026-05-02 15:37:21,129 | INFO | ui.console.handler | Created new game id=[1f36e536-1d16-465c-af28-6ae7b309edc5] and joined player id=[36e429ca-8710-422f-b1dc-a8345870daa8] from user id=[02ccf9b2-b8b8-487d-a329-a79e7c0c51e1]
2026-05-02 15:37:21,130 | INFO | ui.console | Instruction processed
2026-05-02 15:37:28,740 | INFO | ui.console | Raw instruction received: join loki
2026-05-02 15:37:28,740 | INFO | ui.console | Parsed instruction task: join
2026-05-02 15:37:28,740 | INFO | ui.console.handler | Dispatch command: task=join
2026-05-02 15:37:28,740 | INFO | ui.console.handler | Handling join command
2026-05-02 15:37:28,775 | INFO | ui.console.handler | Player joined, game id=[1f36e536-1d16-465c-af28-6ae7b309edc5] user id=[32c470ab-a05b-44e0-80d3-e2d827d080b7] player id=[f0161430-c612-446d-b5b3-154cd7709ceb]
2026-05-02 15:37:28,776 | INFO | ui.console | Instruction processed
2026-05-02 15:37:30,773 | INFO | ui.console | Raw instruction received: players
2026-05-02 15:37:30,773 | INFO | ui.console | Parsed instruction task: players
2026-05-02 15:37:30,773 | INFO | ui.console.handler | Dispatch command: task=players
2026-05-02 15:37:30,773 | INFO | ui.console.handler | Handling players command
2026-05-02 15:37:30,773 | INFO | ui.console.handler | Showing players, game id=[1f36e536-1d16-465c-af28-6ae7b309edc5]
2026-05-02 15:37:30,789 | INFO | ui.console | Instruction processed
2026-05-02 15:37:36,335 | INFO | ui.console | Raw instruction received: gen_decks
2026-05-02 15:37:36,335 | INFO | ui.console | Parsed instruction task: gen_decks
2026-05-02 15:37:36,336 | INFO | ui.console.handler | Dispatch command: task=gen_decks
2026-05-02 15:37:36,336 | INFO | ui.console.handler | Handling gen_decks command
2026-05-02 15:37:36,377 | INFO | ui.console.handler | Decks generated for game id=[1f36e536-1d16-465c-af28-6ae7b309edc5]
2026-05-02 15:37:36,378 | INFO | ui.console | Instruction processed
2026-05-02 15:37:41,577 | INFO | ui.console | Raw instruction received: run
2026-05-02 15:37:41,577 | INFO | ui.console | Parsed instruction task: run
2026-05-02 15:37:41,577 | INFO | ui.console.handler | Dispatch command: task=run
2026-05-02 15:37:41,577 | INFO | ui.console.handler | Handling run command
2026-05-02 15:37:41,637 | INFO | ui.console.handler | Game started, game id=[1f36e536-1d16-465c-af28-6ae7b309edc5]
2026-05-02 15:37:41,638 | INFO | ui.console | Instruction processed
2026-05-02 15:37:44,207 | INFO | ui.console | Raw instruction received: players
2026-05-02 15:37:44,207 | INFO | ui.console | Parsed instruction task: players
2026-05-02 15:37:44,207 | INFO | ui.console.handler | Dispatch command: task=players
2026-05-02 15:37:44,207 | INFO | ui.console.handler | Handling players command
2026-05-02 15:37:44,207 | INFO | ui.console.handler | Showing players, game id=[1f36e536-1d16-465c-af28-6ae7b309edc5]
2026-05-02 15:37:44,227 | INFO | ui.console | Instruction processed
2026-05-02 15:37:46,919 | INFO | ui.console | Raw instruction received: hand
2026-05-02 15:37:46,919 | INFO | ui.console | Parsed instruction task: hand
2026-05-02 15:37:46,919 | INFO | ui.console.handler | Dispatch command: task=hand
2026-05-02 15:37:46,919 | INFO | ui.console.handler | Handling hand command
2026-05-02 15:37:46,919 | INFO | ui.console.handler | Showing hand, game id=[1f36e536-1d16-465c-af28-6ae7b309edc5] player id=[f0161430-c612-446d-b5b3-154cd7709ceb]
2026-05-02 15:37:46,927 | INFO | ui.console | Instruction processed
2026-05-02 15:37:52,492 | INFO | ui.console | Raw instruction received: cur_p
2026-05-02 15:37:52,492 | INFO | ui.console | Parsed instruction task: cur_p
2026-05-02 15:37:52,492 | INFO | ui.console.handler | Dispatch command: task=cur_p
2026-05-02 15:37:52,492 | INFO | ui.console.handler | Handling cur_p command
2026-05-02 15:37:52,499 | INFO | ui.console | Instruction processed
2026-05-03 13:46:02,848 | INFO | main | Application starting
2026-05-03 13:46:02,856 | INFO | main | Console app built successfully
2026-05-03 13:46:02,856 | INFO | ui.console | Console UI started
2026-05-03 13:46:09,836 | INFO | ui.console | Raw instruction received: reg loki
2026-05-03 13:46:09,836 | INFO | ui.console | Parsed instruction task: reg
2026-05-03 13:46:09,836 | INFO | ui.console.handler | Dispatch command: task=reg
2026-05-03 13:46:09,836 | INFO | ui.console.handler | Handling reg command
2026-05-03 13:46:09,849 | ERROR | ui.console | Unexp err: failed to save user: integrity constraint violated
2026-05-03 13:46:15,647 | INFO | ui.console | Raw instruction received: ext
2026-05-03 13:46:15,647 | INFO | ui.console | Parsed instruction task: ext
2026-05-03 13:46:15,647 | INFO | ui.console | Console UI exit requested
2026-05-03 13:46:15,647 | INFO | main | Application stopped
2026-05-03 13:46:24,644 | INFO | main | Application starting
2026-05-03 13:46:24,673 | INFO | main | Console app built successfully
2026-05-03 13:46:24,673 | INFO | ui.console | Console UI started
2026-05-03 13:46:27,257 | INFO | ui.console | Raw instruction received: reg loki
2026-05-03 13:46:27,257 | INFO | ui.console | Parsed instruction task: reg
2026-05-03 13:46:27,257 | INFO | ui.console.handler | Dispatch command: task=reg
2026-05-03 13:46:27,257 | INFO | ui.console.handler | Handling reg command
2026-05-03 13:46:27,273 | INFO | ui.console.handler | User loki registered and logged in, id=[433e8c87-6a83-40e9-b8bd-1011f50b42a6]
2026-05-03 13:46:27,276 | INFO | ui.console | Instruction processed
2026-05-03 13:46:30,297 | INFO | ui.console | Raw instruction received: reg winch
2026-05-03 13:46:30,297 | INFO | ui.console | Parsed instruction task: reg
2026-05-03 13:46:30,298 | INFO | ui.console.handler | Dispatch command: task=reg
2026-05-03 13:46:30,298 | INFO | ui.console.handler | Handling reg command
2026-05-03 13:46:30,308 | INFO | ui.console.handler | User winch registered and logged in, id=[1a775cd2-2661-4332-8b6b-09015a5083d1]
2026-05-03 13:46:30,309 | INFO | ui.console | Instruction processed
2026-05-03 13:46:33,857 | INFO | ui.console | Raw instruction received: new
2026-05-03 13:46:33,857 | INFO | ui.console | Parsed instruction task: new
2026-05-03 13:46:33,857 | INFO | ui.console.handler | Dispatch command: task=new
2026-05-03 13:46:33,857 | INFO | ui.console.handler | Handling new command
2026-05-03 13:46:33,857 | INFO | ui.console.handler | Registering new game, host_user_id=[1a775cd2-2661-4332-8b6b-09015a5083d1]
2026-05-03 13:46:33,892 | INFO | ui.console.handler | Created new game id=[a0f48322-8102-4cc5-980c-e90bc452bcde] and joined player id=[2141a952-c14d-4069-958a-ad66529da850] from user id=[1a775cd2-2661-4332-8b6b-09015a5083d1]
2026-05-03 13:46:33,893 | INFO | ui.console | Instruction processed
2026-05-03 13:46:39,380 | INFO | ui.console | Raw instruction received: join loki
2026-05-03 13:46:39,380 | INFO | ui.console | Parsed instruction task: join
2026-05-03 13:46:39,380 | INFO | ui.console.handler | Dispatch command: task=join
2026-05-03 13:46:39,380 | INFO | ui.console.handler | Handling join command
2026-05-03 13:46:39,407 | INFO | ui.console.handler | Player joined, game id=[a0f48322-8102-4cc5-980c-e90bc452bcde] user id=[433e8c87-6a83-40e9-b8bd-1011f50b42a6] player id=[4072c957-cf7e-41d8-abf7-1bf71a2eef10]
2026-05-03 13:46:39,407 | INFO | ui.console | Instruction processed
2026-05-03 13:46:47,802 | INFO | ui.console | Raw instruction received: gen_decks
2026-05-03 13:46:47,802 | INFO | ui.console | Parsed instruction task: gen_decks
2026-05-03 13:46:47,802 | INFO | ui.console.handler | Dispatch command: task=gen_decks
2026-05-03 13:46:47,803 | INFO | ui.console.handler | Handling gen_decks command
2026-05-03 13:46:47,843 | INFO | ui.console.handler | Decks generated for game id=[a0f48322-8102-4cc5-980c-e90bc452bcde]
2026-05-03 13:46:47,844 | INFO | ui.console | Instruction processed
2026-05-03 13:46:56,400 | INFO | ui.console | Raw instruction received: players
2026-05-03 13:46:56,400 | INFO | ui.console | Parsed instruction task: players
2026-05-03 13:46:56,401 | INFO | ui.console.handler | Dispatch command: task=players
2026-05-03 13:46:56,401 | INFO | ui.console.handler | Handling players command
2026-05-03 13:46:56,401 | INFO | ui.console.handler | Showing players, game id=[a0f48322-8102-4cc5-980c-e90bc452bcde]
2026-05-03 13:46:56,415 | INFO | ui.console | Instruction processed
2026-05-03 13:46:58,956 | INFO | ui.console | Raw instruction received: cur_p
2026-05-03 13:46:58,956 | INFO | ui.console | Parsed instruction task: cur_p
2026-05-03 13:46:58,957 | INFO | ui.console.handler | Dispatch command: task=cur_p
2026-05-03 13:46:58,957 | INFO | ui.console.handler | Handling cur_p command
2026-05-03 13:46:58,963 | INFO | ui.console | Instruction processed
2026-05-03 13:47:07,045 | INFO | ui.console | Raw instruction received: start
2026-05-03 13:47:07,046 | INFO | ui.console | Parsed instruction task: start
2026-05-03 13:47:07,046 | INFO | ui.console.handler | Dispatch command: task=start
2026-05-03 13:47:07,046 | WARNING | ui.console.handler | Unknown command received: task=start
2026-05-03 13:47:07,046 | ERROR | ui.console | Value error instr:'start': unknown instruction
2026-05-03 13:47:09,622 | INFO | ui.console | Raw instruction received: run
2026-05-03 13:47:09,622 | INFO | ui.console | Parsed instruction task: run
2026-05-03 13:47:09,622 | INFO | ui.console.handler | Dispatch command: task=run
2026-05-03 13:47:09,622 | INFO | ui.console.handler | Handling run command
2026-05-03 13:47:09,692 | INFO | ui.console.handler | Game started, game id=[a0f48322-8102-4cc5-980c-e90bc452bcde]
2026-05-03 13:47:09,692 | INFO | ui.console | Instruction processed
2026-05-03 13:47:13,152 | INFO | ui.console | Raw instruction received: players
2026-05-03 13:47:13,153 | INFO | ui.console | Parsed instruction task: players
2026-05-03 13:47:13,153 | INFO | ui.console.handler | Dispatch command: task=players
2026-05-03 13:47:13,153 | INFO | ui.console.handler | Handling players command
2026-05-03 13:47:13,153 | INFO | ui.console.handler | Showing players, game id=[a0f48322-8102-4cc5-980c-e90bc452bcde]
2026-05-03 13:47:13,167 | INFO | ui.console | Instruction processed
2026-05-03 13:47:15,469 | INFO | ui.console | Raw instruction received: cur_p
2026-05-03 13:47:15,470 | INFO | ui.console | Parsed instruction task: cur_p
2026-05-03 13:47:15,470 | INFO | ui.console.handler | Dispatch command: task=cur_p
2026-05-03 13:47:15,470 | INFO | ui.console.handler | Handling cur_p command
2026-05-03 13:47:15,474 | INFO | ui.console | Instruction processed
2026-05-03 13:49:04,340 | INFO | ui.console | Raw instruction received: end
2026-05-03 13:49:04,340 | INFO | ui.console | Parsed instruction task: end
2026-05-03 13:49:04,341 | INFO | ui.console.handler | Dispatch command: task=end
2026-05-03 13:49:04,341 | INFO | ui.console.handler | Handling end command
2026-05-03 13:49:04,367 | ERROR | ui.console | Value error instr:'end': Not your turn
2026-05-03 13:49:10,454 | INFO | ui.console | Raw instruction received: play
2026-05-03 13:49:10,454 | INFO | ui.console | Parsed instruction task: play
2026-05-03 13:49:10,454 | INFO | ui.console.handler | Dispatch command: task=play
2026-05-03 13:49:10,454 | INFO | ui.console.handler | Handling play command
2026-05-03 13:49:14,728 | INFO | ui.console.handler | Command cancelled by empty input
2026-05-03 13:49:14,730 | INFO | ui.console | Instruction processed
2026-05-03 13:49:18,004 | INFO | ui.console | Raw instruction received: hand
2026-05-03 13:49:18,004 | INFO | ui.console | Parsed instruction task: hand
2026-05-03 13:49:18,004 | INFO | ui.console.handler | Dispatch command: task=hand
2026-05-03 13:49:18,004 | INFO | ui.console.handler | Handling hand command
2026-05-03 13:49:18,004 | INFO | ui.console.handler | Showing hand, game id=[a0f48322-8102-4cc5-980c-e90bc452bcde] player id=[4072c957-cf7e-41d8-abf7-1bf71a2eef10]
2026-05-03 13:49:18,011 | INFO | ui.console | Instruction processed
2026-05-03 13:49:26,947 | INFO | ui.console | Raw instruction received: play Staff
2026-05-03 13:49:26,947 | INFO | ui.console | Parsed instruction task: play
2026-05-03 13:49:26,947 | INFO | ui.console.handler | Dispatch command: task=play
2026-05-03 13:49:26,947 | INFO | ui.console.handler | Handling play command
2026-05-03 13:49:26,959 | ERROR | ui.console | Value error instr:'play Staff': Not your turn
2026-05-03 14:10:25,676 | INFO | ui.console | Raw instruction received: ext
2026-05-03 14:10:25,676 | INFO | ui.console | Parsed instruction task: ext
2026-05-03 14:10:25,677 | INFO | ui.console | Console UI exit requested
2026-05-03 14:10:25,677 | INFO | main | Application stopped
2026-05-03 14:11:03,424 | INFO | main | Application starting
2026-05-03 14:11:03,450 | INFO | main | Console app built successfully
2026-05-03 14:11:03,450 | INFO | ui.console | Console UI started
2026-05-03 14:11:07,533 | INFO | ui.console | Raw instruction received: reg loki
2026-05-03 14:11:07,533 | INFO | ui.console | Parsed instruction task: reg
2026-05-03 14:11:07,533 | INFO | ui.console.handler | Dispatch command: task=reg
2026-05-03 14:11:07,533 | INFO | ui.console.handler | Handling reg command
2026-05-03 14:11:07,556 | INFO | ui.console.handler | User loki registered and logged in, id=[7d9ce804-7d24-46ba-9659-3b34b4880697]
2026-05-03 14:11:07,558 | INFO | ui.console | Instruction processed
2026-05-03 14:11:12,391 | INFO | ui.console | Raw instruction received: reg dean
2026-05-03 14:11:12,391 | INFO | ui.console | Parsed instruction task: reg
2026-05-03 14:11:12,391 | INFO | ui.console.handler | Dispatch command: task=reg
2026-05-03 14:11:12,391 | INFO | ui.console.handler | Handling reg command
2026-05-03 14:11:12,402 | INFO | ui.console.handler | User dean registered and logged in, id=[0a398ae8-a12c-49ba-9a24-d1db31be091a]
2026-05-03 14:11:12,403 | INFO | ui.console | Instruction processed
2026-05-03 14:11:14,615 | INFO | ui.console | Raw instruction received: new
2026-05-03 14:11:14,615 | INFO | ui.console | Parsed instruction task: new
2026-05-03 14:11:14,615 | INFO | ui.console.handler | Dispatch command: task=new
2026-05-03 14:11:14,616 | INFO | ui.console.handler | Handling new command
2026-05-03 14:11:14,616 | INFO | ui.console.handler | Registering new game, host_user_id=[0a398ae8-a12c-49ba-9a24-d1db31be091a]
2026-05-03 14:11:14,651 | INFO | ui.console.handler | Created new game id=[fe69e41a-ca90-460f-bc4d-8b6a51f3d34b] and joined player id=[794f94e7-4a90-4f46-83d6-858eb4e2fd19] from user id=[0a398ae8-a12c-49ba-9a24-d1db31be091a]
2026-05-03 14:11:14,651 | INFO | ui.console | Instruction processed
2026-05-03 14:11:20,021 | INFO | ui.console | Raw instruction received: join loki
2026-05-03 14:11:20,021 | INFO | ui.console | Parsed instruction task: join
2026-05-03 14:11:20,021 | INFO | ui.console.handler | Dispatch command: task=join
2026-05-03 14:11:20,021 | INFO | ui.console.handler | Handling join command
2026-05-03 14:11:20,040 | INFO | ui.console.handler | Player joined, game id=[fe69e41a-ca90-460f-bc4d-8b6a51f3d34b] user id=[7d9ce804-7d24-46ba-9659-3b34b4880697] player id=[679bcc19-b421-4544-96eb-d5a446408dc4]
2026-05-03 14:11:20,041 | INFO | ui.console | Instruction processed
2026-05-03 14:11:35,799 | INFO | ui.console | Raw instruction received: gen_decks
2026-05-03 14:11:35,799 | INFO | ui.console | Parsed instruction task: gen_decks
2026-05-03 14:11:35,799 | INFO | ui.console.handler | Dispatch command: task=gen_decks
2026-05-03 14:11:35,799 | INFO | ui.console.handler | Handling gen_decks command
2026-05-03 14:11:35,828 | INFO | ui.console.handler | Decks generated for game id=[fe69e41a-ca90-460f-bc4d-8b6a51f3d34b]
2026-05-03 14:11:35,828 | INFO | ui.console | Instruction processed
2026-05-03 14:11:43,907 | INFO | ui.console | Raw instruction received: run
2026-05-03 14:11:43,907 | INFO | ui.console | Parsed instruction task: run
2026-05-03 14:11:43,907 | INFO | ui.console.handler | Dispatch command: task=run
2026-05-03 14:11:43,907 | INFO | ui.console.handler | Handling run command
2026-05-03 14:11:43,966 | INFO | ui.console.handler | Game started, game id=[fe69e41a-ca90-460f-bc4d-8b6a51f3d34b]
2026-05-03 14:11:43,966 | INFO | ui.console | Instruction processed
2026-05-03 14:11:47,099 | INFO | ui.console | Raw instruction received: players
2026-05-03 14:11:47,099 | INFO | ui.console | Parsed instruction task: players
2026-05-03 14:11:47,099 | INFO | ui.console.handler | Dispatch command: task=players
2026-05-03 14:11:47,099 | INFO | ui.console.handler | Handling players command
2026-05-03 14:11:47,100 | INFO | ui.console.handler | Showing players, game id=[fe69e41a-ca90-460f-bc4d-8b6a51f3d34b]
2026-05-03 14:11:47,124 | INFO | ui.console | Instruction processed
2026-05-03 14:11:53,725 | INFO | ui.console | Raw instruction received: cur_p
2026-05-03 14:11:53,725 | INFO | ui.console | Parsed instruction task: cur_p
2026-05-03 14:11:53,725 | INFO | ui.console.handler | Dispatch command: task=cur_p
2026-05-03 14:11:53,725 | INFO | ui.console.handler | Handling cur_p command
2026-05-03 14:11:53,733 | INFO | ui.console | Instruction processed
2026-05-03 14:12:10,541 | INFO | ui.console | Raw instruction received: login dean
2026-05-03 14:12:10,541 | INFO | ui.console | Parsed instruction task: login
2026-05-03 14:12:10,541 | INFO | ui.console.handler | Dispatch command: task=login
2026-05-03 14:12:10,541 | INFO | ui.console.handler | Handling login command
2026-05-03 14:12:10,544 | INFO | ui.console.handler | Current user/player switched, game id=[fe69e41a-ca90-460f-bc4d-8b6a51f3d34b] user id=[0a398ae8-a12c-49ba-9a24-d1db31be091a] player id=[794f94e7-4a90-4f46-83d6-858eb4e2fd19]
2026-05-03 14:12:10,546 | INFO | ui.console | Instruction processed
2026-05-03 14:12:16,475 | INFO | ui.console | Raw instruction received: cur_p
2026-05-03 14:12:16,475 | INFO | ui.console | Parsed instruction task: cur_p
2026-05-03 14:12:16,476 | INFO | ui.console.handler | Dispatch command: task=cur_p
2026-05-03 14:12:16,476 | INFO | ui.console.handler | Handling cur_p command
2026-05-03 14:12:16,481 | INFO | ui.console | Instruction processed
2026-05-03 14:12:19,731 | INFO | ui.console | Raw instruction received: hand
2026-05-03 14:12:19,732 | INFO | ui.console | Parsed instruction task: hand
2026-05-03 14:12:19,732 | INFO | ui.console.handler | Dispatch command: task=hand
2026-05-03 14:12:19,732 | INFO | ui.console.handler | Handling hand command
2026-05-03 14:12:19,732 | INFO | ui.console.handler | Showing hand, game id=[fe69e41a-ca90-460f-bc4d-8b6a51f3d34b] player id=[794f94e7-4a90-4f46-83d6-858eb4e2fd19]
2026-05-03 14:12:19,736 | INFO | ui.console | Instruction processed
2026-05-03 14:12:32,136 | INFO | ui.console | Raw instruction received: play Lion
2026-05-03 14:12:32,136 | INFO | ui.console | Parsed instruction task: play
2026-05-03 14:12:32,136 | INFO | ui.console.handler | Dispatch command: task=play
2026-05-03 14:12:32,136 | INFO | ui.console.handler | Handling play command
2026-05-03 14:12:32,181 | INFO | ui.console.handler | Card played, game id=[fe69e41a-ca90-460f-bc4d-8b6a51f3d34b] player id=[794f94e7-4a90-4f46-83d6-858eb4e2fd19] card id=[5d238432-653c-4f1f-afcf-f8416c3c5873]
2026-05-03 14:12:32,182 | INFO | ui.console | Instruction processed
2026-05-03 14:12:39,284 | INFO | ui.console | Raw instruction received: player
2026-05-03 14:12:39,284 | INFO | ui.console | Parsed instruction task: player
2026-05-03 14:12:39,284 | INFO | ui.console.handler | Dispatch command: task=player
2026-05-03 14:12:39,284 | WARNING | ui.console.handler | Unknown command received: task=player
2026-05-03 14:12:39,284 | ERROR | ui.console | Value error instr:'player': unknown instruction
2026-05-03 14:12:45,114 | INFO | ui.console | Raw instruction received: cur_p
2026-05-03 14:12:45,114 | INFO | ui.console | Parsed instruction task: cur_p
2026-05-03 14:12:45,114 | INFO | ui.console.handler | Dispatch command: task=cur_p
2026-05-03 14:12:45,114 | INFO | ui.console.handler | Handling cur_p command
2026-05-03 14:12:45,120 | INFO | ui.console | Instruction processed
2026-05-03 14:13:00,735 | INFO | ui.console | Raw instruction received: hand
2026-05-03 14:13:00,735 | INFO | ui.console | Parsed instruction task: hand
2026-05-03 14:13:00,735 | INFO | ui.console.handler | Dispatch command: task=hand
2026-05-03 14:13:00,735 | INFO | ui.console.handler | Handling hand command
2026-05-03 14:13:00,735 | INFO | ui.console.handler | Showing hand, game id=[fe69e41a-ca90-460f-bc4d-8b6a51f3d34b] player id=[794f94e7-4a90-4f46-83d6-858eb4e2fd19]
2026-05-03 14:13:00,746 | INFO | ui.console | Instruction processed
2026-05-03 14:13:08,213 | INFO | ui.console | Raw instruction received: end
2026-05-03 14:13:08,213 | INFO | ui.console | Parsed instruction task: end
2026-05-03 14:13:08,214 | INFO | ui.console.handler | Dispatch command: task=end
2026-05-03 14:13:08,214 | INFO | ui.console.handler | Handling end command
2026-05-03 14:13:08,272 | INFO | ui.console.handler | Turn ended, game id=[fe69e41a-ca90-460f-bc4d-8b6a51f3d34b] player id=[794f94e7-4a90-4f46-83d6-858eb4e2fd19]
2026-05-03 14:13:08,273 | INFO | ui.console | Instruction processed
2026-05-03 14:13:15,690 | INFO | ui.console | Raw instruction received: login loki
2026-05-03 14:13:15,690 | INFO | ui.console | Parsed instruction task: login
2026-05-03 14:13:15,691 | INFO | ui.console.handler | Dispatch command: task=login
2026-05-03 14:13:15,691 | INFO | ui.console.handler | Handling login command
2026-05-03 14:13:15,693 | INFO | ui.console.handler | Current user/player switched, game id=[fe69e41a-ca90-460f-bc4d-8b6a51f3d34b] user id=[7d9ce804-7d24-46ba-9659-3b34b4880697] player id=[679bcc19-b421-4544-96eb-d5a446408dc4]
2026-05-03 14:13:15,694 | INFO | ui.console | Instruction processed
2026-05-03 14:13:22,455 | INFO | ui.console | Raw instruction received: hand
2026-05-03 14:13:22,455 | INFO | ui.console | Parsed instruction task: hand
2026-05-03 14:13:22,455 | INFO | ui.console.handler | Dispatch command: task=hand
2026-05-03 14:13:22,455 | INFO | ui.console.handler | Handling hand command
2026-05-03 14:13:22,455 | INFO | ui.console.handler | Showing hand, game id=[fe69e41a-ca90-460f-bc4d-8b6a51f3d34b] player id=[679bcc19-b421-4544-96eb-d5a446408dc4]
2026-05-03 14:13:22,463 | INFO | ui.console | Instruction processed
2026-05-03 14:13:30,538 | INFO | ui.console | Raw instruction received: play nori
2026-05-03 14:13:30,539 | INFO | ui.console | Parsed instruction task: play
2026-05-03 14:13:30,539 | INFO | ui.console.handler | Dispatch command: task=play
2026-05-03 14:13:30,539 | INFO | ui.console.handler | Handling play command
2026-05-03 14:13:30,601 | INFO | ui.console.handler | Card played, game id=[fe69e41a-ca90-460f-bc4d-8b6a51f3d34b] player id=[679bcc19-b421-4544-96eb-d5a446408dc4] card id=[302c4057-550f-49ba-b7c8-c1313c2c06e7]
2026-05-03 14:13:30,603 | INFO | ui.console | Instruction processed
2026-05-03 14:13:32,830 | INFO | ui.console | Raw instruction received: hand
2026-05-03 14:13:32,831 | INFO | ui.console | Parsed instruction task: hand
2026-05-03 14:13:32,831 | INFO | ui.console.handler | Dispatch command: task=hand
2026-05-03 14:13:32,831 | INFO | ui.console.handler | Handling hand command
2026-05-03 14:13:32,831 | INFO | ui.console.handler | Showing hand, game id=[fe69e41a-ca90-460f-bc4d-8b6a51f3d34b] player id=[679bcc19-b421-4544-96eb-d5a446408dc4]
2026-05-03 14:13:32,843 | INFO | ui.console | Instruction processed
2026-05-03 14:13:35,459 | INFO | ui.console | Raw instruction received: end
2026-05-03 14:13:35,459 | INFO | ui.console | Parsed instruction task: end
2026-05-03 14:13:35,459 | INFO | ui.console.handler | Dispatch command: task=end
2026-05-03 14:13:35,460 | INFO | ui.console.handler | Handling end command
2026-05-03 14:13:35,524 | INFO | ui.console.handler | Turn ended, game id=[fe69e41a-ca90-460f-bc4d-8b6a51f3d34b] player id=[679bcc19-b421-4544-96eb-d5a446408dc4]
2026-05-03 14:13:35,525 | INFO | ui.console | Instruction processed
2026-05-03 14:13:40,227 | INFO | ui.console | Raw instruction received: login dean
2026-05-03 14:13:40,227 | INFO | ui.console | Parsed instruction task: login
2026-05-03 14:13:40,227 | INFO | ui.console.handler | Dispatch command: task=login
2026-05-03 14:13:40,227 | INFO | ui.console.handler | Handling login command
2026-05-03 14:13:40,230 | INFO | ui.console.handler | Current user/player switched, game id=[fe69e41a-ca90-460f-bc4d-8b6a51f3d34b] user id=[0a398ae8-a12c-49ba-9a24-d1db31be091a] player id=[794f94e7-4a90-4f46-83d6-858eb4e2fd19]
2026-05-03 14:13:40,231 | INFO | ui.console | Instruction processed
2026-05-03 14:13:42,249 | INFO | ui.console | Raw instruction received: hand
2026-05-03 14:13:42,249 | INFO | ui.console | Parsed instruction task: hand
2026-05-03 14:13:42,255 | INFO | ui.console.handler | Dispatch command: task=hand
2026-05-03 14:13:42,255 | INFO | ui.console.handler | Handling hand command
2026-05-03 14:13:42,255 | INFO | ui.console.handler | Showing hand, game id=[fe69e41a-ca90-460f-bc4d-8b6a51f3d34b] player id=[794f94e7-4a90-4f46-83d6-858eb4e2fd19]
2026-05-03 14:13:42,265 | INFO | ui.console | Instruction processed
2026-05-03 14:13:47,950 | INFO | ui.console | Raw instruction received: ext
2026-05-03 14:13:47,951 | INFO | ui.console | Parsed instruction task: ext
2026-05-03 14:13:47,951 | INFO | ui.console | Console UI exit requested
2026-05-03 14:13:47,951 | INFO | main | Application stopped
2026-05-08 08:37:12,216 | INFO | main | Application starting
2026-05-08 11:21:34,431 | INFO | main | Application starting
2026-05-08 15:45:08,317 | INFO | main | Application starting
2026-05-08 16:04:29,176 | INFO | main | Application starting
2026-05-08 16:04:29,259 | INFO | main | Console app built successfully
2026-05-08 16:04:29,259 | INFO | ui.console | Console UI started
2026-05-08 16:04:36,011 | INFO | ui.console | Raw instruction received: reg loki
2026-05-08 16:04:36,012 | INFO | ui.console | Parsed instruction task: reg
2026-05-08 16:04:36,012 | INFO | ui.console.handler | Dispatch command: task=reg
2026-05-08 16:04:36,012 | INFO | ui.console.handler | Handling reg command
2026-05-08 16:04:36,038 | INFO | ui.console.handler | User loki registered and logged in, id=[2cc36724-daac-4c34-9afd-befacc968ff8]
2026-05-08 16:04:36,043 | INFO | ui.console | Instruction processed
2026-05-08 16:04:38,802 | INFO | ui.console | Raw instruction received: reg winch
2026-05-08 16:04:38,802 | INFO | ui.console | Parsed instruction task: reg
2026-05-08 16:04:38,802 | INFO | ui.console.handler | Dispatch command: task=reg
2026-05-08 16:04:38,802 | INFO | ui.console.handler | Handling reg command
2026-05-08 16:04:38,812 | INFO | ui.console.handler | User winch registered and logged in, id=[8e835da0-88d7-4632-a6b7-194468738b58]
2026-05-08 16:04:38,814 | INFO | ui.console | Instruction processed
2026-05-08 16:04:41,897 | INFO | ui.console | Raw instruction received: new
2026-05-08 16:04:41,897 | INFO | ui.console | Parsed instruction task: new
2026-05-08 16:04:41,897 | INFO | ui.console.handler | Dispatch command: task=new
2026-05-08 16:04:41,897 | INFO | ui.console.handler | Handling new command
2026-05-08 16:04:41,898 | INFO | ui.console.handler | Registering new game, host_user_id=[8e835da0-88d7-4632-a6b7-194468738b58]
2026-05-08 16:04:41,950 | INFO | ui.console.handler | Created new game id=[93a588f1-a47c-4eb7-b71a-4e79c0cb5628] and joined player id=[39d500bb-95ea-4f5f-840c-d4cb38980ce9] from user id=[8e835da0-88d7-4632-a6b7-194468738b58]
2026-05-08 16:04:41,951 | INFO | ui.console | Instruction processed
2026-05-08 16:04:49,414 | INFO | ui.console | Raw instruction received: join loki
2026-05-08 16:04:49,414 | INFO | ui.console | Parsed instruction task: join
2026-05-08 16:04:49,414 | INFO | ui.console.handler | Dispatch command: task=join
2026-05-08 16:04:49,415 | INFO | ui.console.handler | Handling join command
2026-05-08 16:04:49,460 | INFO | ui.console.handler | Player joined, game id=[93a588f1-a47c-4eb7-b71a-4e79c0cb5628] user id=[2cc36724-daac-4c34-9afd-befacc968ff8] player id=[0413d771-db1d-45d0-b6e3-a029506fc672]
2026-05-08 16:04:49,460 | INFO | ui.console | Instruction processed
2026-05-08 16:04:51,192 | INFO | ui.console | Raw instruction received: players
2026-05-08 16:04:51,192 | INFO | ui.console | Parsed instruction task: players
2026-05-08 16:04:51,192 | INFO | ui.console.handler | Dispatch command: task=players
2026-05-08 16:04:51,192 | INFO | ui.console.handler | Handling players command
2026-05-08 16:04:51,192 | INFO | ui.console.handler | Showing players, game id=[93a588f1-a47c-4eb7-b71a-4e79c0cb5628]
2026-05-08 16:04:51,205 | INFO | ui.console | Instruction processed
2026-05-08 16:04:56,053 | INFO | ui.console | Raw instruction received: gen_decks
2026-05-08 16:04:56,053 | INFO | ui.console | Parsed instruction task: gen_decks
2026-05-08 16:04:56,053 | INFO | ui.console.handler | Dispatch command: task=gen_decks
2026-05-08 16:04:56,054 | INFO | ui.console.handler | Handling gen_decks command
2026-05-08 16:04:56,098 | INFO | ui.console.handler | Decks generated for game id=[93a588f1-a47c-4eb7-b71a-4e79c0cb5628]
2026-05-08 16:04:56,098 | INFO | ui.console | Instruction processed
2026-05-08 16:05:03,203 | INFO | ui.console | Raw instruction received: cur_p
2026-05-08 16:05:03,203 | INFO | ui.console | Parsed instruction task: cur_p
2026-05-08 16:05:03,203 | INFO | ui.console.handler | Dispatch command: task=cur_p
2026-05-08 16:05:03,203 | INFO | ui.console.handler | Handling cur_p command
2026-05-08 16:05:03,207 | INFO | ui.console | Instruction processed
2026-05-08 16:05:05,788 | INFO | ui.console | Raw instruction received: hand
2026-05-08 16:05:05,788 | INFO | ui.console | Parsed instruction task: hand
2026-05-08 16:05:05,788 | INFO | ui.console.handler | Dispatch command: task=hand
2026-05-08 16:05:05,788 | INFO | ui.console.handler | Handling hand command
2026-05-08 16:05:05,788 | INFO | ui.console.handler | Showing hand, game id=[93a588f1-a47c-4eb7-b71a-4e79c0cb5628] player id=[0413d771-db1d-45d0-b6e3-a029506fc672]
2026-05-08 16:05:05,800 | INFO | ui.console | Instruction processed
2026-05-08 16:05:13,223 | INFO | ui.console | Raw instruction received: run
2026-05-08 16:05:13,223 | INFO | ui.console | Parsed instruction task: run
2026-05-08 16:05:13,223 | INFO | ui.console.handler | Dispatch command: task=run
2026-05-08 16:05:13,223 | INFO | ui.console.handler | Handling run command
2026-05-08 16:05:13,325 | INFO | ui.console.handler | Game started, game id=[93a588f1-a47c-4eb7-b71a-4e79c0cb5628]
2026-05-08 16:05:13,326 | INFO | ui.console | Instruction processed
2026-05-08 16:05:16,261 | INFO | ui.console | Raw instruction received: game
2026-05-08 16:05:16,261 | INFO | ui.console | Parsed instruction task: game
2026-05-08 16:05:16,261 | INFO | ui.console.handler | Dispatch command: task=game
2026-05-08 16:05:16,261 | INFO | ui.console.handler | Handling game command
2026-05-08 16:05:16,261 | INFO | ui.console.handler | Showing game state, game id=[93a588f1-a47c-4eb7-b71a-4e79c0cb5628]
2026-05-08 16:05:16,287 | INFO | ui.console | Instruction processed
2026-05-08 16:05:21,907 | INFO | ui.console | Raw instruction received: players
2026-05-08 16:05:21,908 | INFO | ui.console | Parsed instruction task: players
2026-05-08 16:05:21,908 | INFO | ui.console.handler | Dispatch command: task=players
2026-05-08 16:05:21,908 | INFO | ui.console.handler | Handling players command
2026-05-08 16:05:21,908 | INFO | ui.console.handler | Showing players, game id=[93a588f1-a47c-4eb7-b71a-4e79c0cb5628]
2026-05-08 16:05:21,939 | INFO | ui.console | Instruction processed
2026-05-08 16:05:25,909 | INFO | ui.console | Raw instruction received: cur_p
2026-05-08 16:05:25,910 | INFO | ui.console | Parsed instruction task: cur_p
2026-05-08 16:05:25,910 | INFO | ui.console.handler | Dispatch command: task=cur_p
2026-05-08 16:05:25,910 | INFO | ui.console.handler | Handling cur_p command
2026-05-08 16:05:25,916 | INFO | ui.console | Instruction processed
2026-05-08 16:05:35,275 | INFO | ui.console | Raw instruction received: login winch
2026-05-08 16:05:35,275 | INFO | ui.console | Parsed instruction task: login
2026-05-08 16:05:35,275 | INFO | ui.console.handler | Dispatch command: task=login
2026-05-08 16:05:35,275 | INFO | ui.console.handler | Handling login command
2026-05-08 16:05:35,279 | INFO | ui.console.handler | Current user/player switched, game id=[93a588f1-a47c-4eb7-b71a-4e79c0cb5628] user id=[8e835da0-88d7-4632-a6b7-194468738b58] player id=[39d500bb-95ea-4f5f-840c-d4cb38980ce9]
2026-05-08 16:05:35,280 | INFO | ui.console | Instruction processed
2026-05-08 16:05:39,063 | INFO | ui.console | Raw instruction received: hand
2026-05-08 16:05:39,064 | INFO | ui.console | Parsed instruction task: hand
2026-05-08 16:05:39,064 | INFO | ui.console.handler | Dispatch command: task=hand
2026-05-08 16:05:39,064 | INFO | ui.console.handler | Handling hand command
2026-05-08 16:05:39,064 | INFO | ui.console.handler | Showing hand, game id=[93a588f1-a47c-4eb7-b71a-4e79c0cb5628] player id=[39d500bb-95ea-4f5f-840c-d4cb38980ce9]
2026-05-08 16:05:39,076 | INFO | ui.console | Instruction processed
2026-05-08 16:05:42,608 | INFO | ui.console | Raw instruction received: play Elf
2026-05-08 16:05:42,608 | INFO | ui.console | Parsed instruction task: play
2026-05-08 16:05:42,608 | INFO | ui.console.handler | Dispatch command: task=play
2026-05-08 16:05:42,608 | INFO | ui.console.handler | Handling play command
2026-05-08 16:05:42,677 | INFO | ui.console.handler | Card played, game id=[93a588f1-a47c-4eb7-b71a-4e79c0cb5628] player id=[39d500bb-95ea-4f5f-840c-d4cb38980ce9] card id=[ea78ef30-5e7a-43d0-b7a9-0085ac7c1d10]
2026-05-08 16:05:42,677 | INFO | ui.console | Instruction processed
2026-05-08 16:05:47,740 | INFO | ui.console | Raw instruction received: play Dow
2026-05-08 16:05:47,740 | INFO | ui.console | Parsed instruction task: play
2026-05-08 16:05:47,740 | INFO | ui.console.handler | Dispatch command: task=play
2026-05-08 16:05:47,740 | INFO | ui.console.handler | Handling play command
2026-05-08 16:05:47,740 | ERROR | ui.console | Value error instr:'play Dow': card 'Dow' not found in hand
2026-05-08 16:05:53,217 | INFO | ui.console | Raw instruction received: play Bow
2026-05-08 16:05:53,218 | INFO | ui.console | Parsed instruction task: play
2026-05-08 16:05:53,218 | INFO | ui.console.handler | Dispatch command: task=play
2026-05-08 16:05:53,218 | INFO | ui.console.handler | Handling play command
2026-05-08 16:05:53,296 | INFO | ui.console.handler | Card played, game id=[93a588f1-a47c-4eb7-b71a-4e79c0cb5628] player id=[39d500bb-95ea-4f5f-840c-d4cb38980ce9] card id=[aee5431b-0ab2-418e-875b-dbdd0ed379b3]
2026-05-08 16:05:53,296 | INFO | ui.console | Instruction processed
2026-05-08 16:05:57,874 | INFO | ui.console | Raw instruction received: play sword
2026-05-08 16:05:57,875 | INFO | ui.console | Parsed instruction task: play
2026-05-08 16:05:57,875 | INFO | ui.console.handler | Dispatch command: task=play
2026-05-08 16:05:57,875 | INFO | ui.console.handler | Handling play command
2026-05-08 16:05:57,955 | INFO | ui.console.handler | Card played, game id=[93a588f1-a47c-4eb7-b71a-4e79c0cb5628] player id=[39d500bb-95ea-4f5f-840c-d4cb38980ce9] card id=[39a55d2c-e256-44cc-8d66-e3abaa731827]
2026-05-08 16:05:57,955 | INFO | ui.console | Instruction processed
2026-05-08 16:05:59,766 | INFO | ui.console | Raw instruction received: hand
2026-05-08 16:05:59,766 | INFO | ui.console | Parsed instruction task: hand
2026-05-08 16:05:59,766 | INFO | ui.console.handler | Dispatch command: task=hand
2026-05-08 16:05:59,766 | INFO | ui.console.handler | Handling hand command
2026-05-08 16:05:59,767 | INFO | ui.console.handler | Showing hand, game id=[93a588f1-a47c-4eb7-b71a-4e79c0cb5628] player id=[39d500bb-95ea-4f5f-840c-d4cb38980ce9]
2026-05-08 16:05:59,772 | INFO | ui.console | Instruction processed
2026-05-08 16:06:05,717 | INFO | ui.console | Raw instruction received: player
2026-05-08 16:06:05,717 | INFO | ui.console | Parsed instruction task: player
2026-05-08 16:06:05,717 | INFO | ui.console.handler | Dispatch command: task=player
2026-05-08 16:06:05,717 | WARNING | ui.console.handler | Unknown command received: task=player
2026-05-08 16:06:05,717 | ERROR | ui.console | Value error instr:'player': unknown instruction
2026-05-08 16:06:09,201 | INFO | ui.console | Raw instruction received: cur_p
2026-05-08 16:06:09,201 | INFO | ui.console | Parsed instruction task: cur_p
2026-05-08 16:06:09,201 | INFO | ui.console.handler | Dispatch command: task=cur_p
2026-05-08 16:06:09,201 | INFO | ui.console.handler | Handling cur_p command
2026-05-08 16:06:09,207 | INFO | ui.console | Instruction processed
2026-05-08 16:06:23,239 | INFO | ui.console | Raw instruction received: market
2026-05-08 16:06:23,239 | INFO | ui.console | Parsed instruction task: market
2026-05-08 16:06:23,239 | INFO | ui.console.handler | Dispatch command: task=market
2026-05-08 16:06:23,239 | INFO | ui.console.handler | Handling market command
2026-05-08 16:06:23,239 | INFO | ui.console.handler | Showing market, game id=[93a588f1-a47c-4eb7-b71a-4e79c0cb5628]
2026-05-08 16:06:23,251 | INFO | ui.console | Instruction processed
2026-05-08 16:06:33,577 | INFO | ui.console | Raw instruction received: buy Bofur
2026-05-08 16:06:33,578 | INFO | ui.console | Parsed instruction task: buy
2026-05-08 16:06:33,578 | INFO | ui.console.handler | Dispatch command: task=buy
2026-05-08 16:06:33,578 | INFO | ui.console.handler | Handling buy command
2026-05-08 16:06:33,649 | INFO | ui.console.handler | Card bought, game id=[93a588f1-a47c-4eb7-b71a-4e79c0cb5628] player id=[39d500bb-95ea-4f5f-840c-d4cb38980ce9] card id=[27fdbcf9-612a-4f81-aa3e-4b5c95d4b700]
2026-05-08 16:06:33,650 | INFO | ui.console | Instruction processed
2026-05-08 16:06:37,916 | INFO | ui.console | Raw instruction received: market
2026-05-08 16:06:37,916 | INFO | ui.console | Parsed instruction task: market
2026-05-08 16:06:37,916 | INFO | ui.console.handler | Dispatch command: task=market
2026-05-08 16:06:37,916 | INFO | ui.console.handler | Handling market command
2026-05-08 16:06:37,916 | INFO | ui.console.handler | Showing market, game id=[93a588f1-a47c-4eb7-b71a-4e79c0cb5628]
2026-05-08 16:06:37,931 | INFO | ui.console | Instruction processed
2026-05-08 16:06:40,677 | INFO | ui.console | Raw instruction received: hand
2026-05-08 16:06:40,677 | INFO | ui.console | Parsed instruction task: hand
2026-05-08 16:06:40,677 | INFO | ui.console.handler | Dispatch command: task=hand
2026-05-08 16:06:40,677 | INFO | ui.console.handler | Handling hand command
2026-05-08 16:06:40,677 | INFO | ui.console.handler | Showing hand, game id=[93a588f1-a47c-4eb7-b71a-4e79c0cb5628] player id=[39d500bb-95ea-4f5f-840c-d4cb38980ce9]
2026-05-08 16:06:40,682 | INFO | ui.console | Instruction processed
2026-05-08 16:06:44,169 | INFO | ui.console | Raw instruction received: end
2026-05-08 16:06:44,169 | INFO | ui.console | Parsed instruction task: end
2026-05-08 16:06:44,169 | INFO | ui.console.handler | Dispatch command: task=end
2026-05-08 16:06:44,169 | INFO | ui.console.handler | Handling end command
2026-05-08 16:06:44,235 | INFO | ui.console.handler | Turn ended, game id=[93a588f1-a47c-4eb7-b71a-4e79c0cb5628] player id=[39d500bb-95ea-4f5f-840c-d4cb38980ce9]
2026-05-08 16:06:44,235 | INFO | ui.console | Instruction processed
2026-05-08 16:06:49,467 | INFO | ui.console | Raw instruction received: game
2026-05-08 16:06:49,468 | INFO | ui.console | Parsed instruction task: game
2026-05-08 16:06:49,468 | INFO | ui.console.handler | Dispatch command: task=game
2026-05-08 16:06:49,468 | INFO | ui.console.handler | Handling game command
2026-05-08 16:06:49,468 | INFO | ui.console.handler | Showing game state, game id=[93a588f1-a47c-4eb7-b71a-4e79c0cb5628]
2026-05-08 16:06:49,499 | INFO | ui.console | Instruction processed
2026-05-08 16:06:52,782 | INFO | ui.console | Raw instruction received: players
2026-05-08 16:06:52,782 | INFO | ui.console | Parsed instruction task: players
2026-05-08 16:06:52,782 | INFO | ui.console.handler | Dispatch command: task=players
2026-05-08 16:06:52,782 | INFO | ui.console.handler | Handling players command
2026-05-08 16:06:52,783 | INFO | ui.console.handler | Showing players, game id=[93a588f1-a47c-4eb7-b71a-4e79c0cb5628]
2026-05-08 16:06:52,816 | INFO | ui.console | Instruction processed
2026-05-08 16:06:57,805 | INFO | ui.console | Raw instruction received: hand
2026-05-08 16:06:57,806 | INFO | ui.console | Parsed instruction task: hand
2026-05-08 16:06:57,806 | INFO | ui.console.handler | Dispatch command: task=hand
2026-05-08 16:06:57,806 | INFO | ui.console.handler | Handling hand command
2026-05-08 16:06:57,806 | INFO | ui.console.handler | Showing hand, game id=[93a588f1-a47c-4eb7-b71a-4e79c0cb5628] player id=[39d500bb-95ea-4f5f-840c-d4cb38980ce9]
2026-05-08 16:06:57,811 | INFO | ui.console | Instruction processed
2026-05-08 16:07:03,614 | INFO | ui.console | Raw instruction received: login loki
2026-05-08 16:07:03,614 | INFO | ui.console | Parsed instruction task: login
2026-05-08 16:07:03,614 | INFO | ui.console.handler | Dispatch command: task=login
2026-05-08 16:07:03,614 | INFO | ui.console.handler | Handling login command
2026-05-08 16:07:03,617 | INFO | ui.console.handler | Current user/player switched, game id=[93a588f1-a47c-4eb7-b71a-4e79c0cb5628] user id=[2cc36724-daac-4c34-9afd-befacc968ff8] player id=[0413d771-db1d-45d0-b6e3-a029506fc672]
2026-05-08 16:07:03,618 | INFO | ui.console | Instruction processed
2026-05-08 16:07:05,900 | INFO | ui.console | Raw instruction received: hand
2026-05-08 16:07:05,901 | INFO | ui.console | Parsed instruction task: hand
2026-05-08 16:07:05,901 | INFO | ui.console.handler | Dispatch command: task=hand
2026-05-08 16:07:05,901 | INFO | ui.console.handler | Handling hand command
2026-05-08 16:07:05,901 | INFO | ui.console.handler | Showing hand, game id=[93a588f1-a47c-4eb7-b71a-4e79c0cb5628] player id=[0413d771-db1d-45d0-b6e3-a029506fc672]
2026-05-08 16:07:05,909 | INFO | ui.console | Instruction processed
2026-05-08 16:07:14,299 | INFO | ui.console | Raw instruction received: market
2026-05-08 16:07:14,299 | INFO | ui.console | Parsed instruction task: market
2026-05-08 16:07:14,299 | INFO | ui.console.handler | Dispatch command: task=market
2026-05-08 16:07:14,299 | INFO | ui.console.handler | Handling market command
2026-05-08 16:07:14,299 | INFO | ui.console.handler | Showing market, game id=[93a588f1-a47c-4eb7-b71a-4e79c0cb5628]
2026-05-08 16:07:14,309 | INFO | ui.console | Instruction processed
2026-05-08 16:07:18,928 | INFO | ui.console | Raw instruction received: exit
2026-05-08 16:07:18,928 | INFO | ui.console | Parsed instruction task: exit
2026-05-08 16:07:18,928 | INFO | ui.console.handler | Dispatch command: task=exit
2026-05-08 16:07:18,928 | WARNING | ui.console.handler | Unknown command received: task=exit
2026-05-08 16:07:18,928 | ERROR | ui.console | Value error instr:'exit': unknown instruction
2026-05-08 16:07:21,890 | INFO | ui.console | Raw instruction received: ext
2026-05-08 16:07:21,891 | INFO | ui.console | Parsed instruction task: ext
2026-05-08 16:07:21,891 | INFO | ui.console | Console UI exit requested
2026-05-08 16:07:21,891 | INFO | main | Application stopped
2026-05-08 16:55:28,791 | INFO | main | Application starting
2026-05-08 16:55:28,848 | INFO | main | Console app built successfully
2026-05-08 16:55:28,848 | INFO | ui.console | Console UI started
2026-05-08 16:55:32,466 | INFO | ui.console | Raw instruction received: players
2026-05-08 16:55:32,466 | INFO | ui.console | Parsed instruction task: players
2026-05-08 16:55:32,472 | INFO | ui.console.handler | Dispatch command: task=players
2026-05-08 16:55:32,472 | INFO | ui.console.handler | Handling players command
2026-05-08 16:55:39,361 | INFO | ui.console.handler | Command cancelled by empty input
2026-05-08 16:55:39,367 | INFO | ui.console | Instruction processed
2026-05-08 16:55:41,648 | INFO | ui.console | Raw instruction received: game
2026-05-08 16:55:41,648 | INFO | ui.console | Parsed instruction task: game
2026-05-08 16:55:41,648 | INFO | ui.console.handler | Dispatch command: task=game
2026-05-08 16:55:41,648 | INFO | ui.console.handler | Handling game command
2026-05-08 16:55:43,082 | INFO | ui.console.handler | Command cancelled by empty input
2026-05-08 16:55:43,083 | INFO | ui.console | Instruction processed
2026-05-08 16:55:45,075 | INFO | ui.console | Raw instruction received: games
2026-05-08 16:55:45,075 | INFO | ui.console | Parsed instruction task: games
2026-05-08 16:55:45,076 | INFO | ui.console.handler | Dispatch command: task=games
2026-05-08 16:55:45,076 | WARNING | ui.console.handler | Unknown command received: task=games
2026-05-08 16:55:45,076 | ERROR | ui.console | Value error instr:'games': unknown instruction
2026-05-08 16:56:15,338 | INFO | main | Application starting
2026-05-08 16:56:15,394 | INFO | main | Console app built successfully
2026-05-08 16:56:15,394 | INFO | ui.console | Console UI started
2026-05-08 16:56:21,428 | INFO | ui.console | Raw instruction received: reg loki
2026-05-08 16:56:21,428 | INFO | ui.console | Parsed instruction task: reg
2026-05-08 16:56:21,428 | INFO | ui.console.handler | Dispatch command: task=reg
2026-05-08 16:56:21,428 | INFO | ui.console.handler | Handling reg command
2026-05-08 16:56:21,435 | ERROR | ui.console | Unexp err: failed to save user: integrity constraint violated
2026-05-08 17:09:03,966 | INFO | main | Application starting
2026-05-08 17:09:04,022 | INFO | main | Console app built successfully
2026-05-08 17:09:04,022 | INFO | ui.console | Console UI started
2026-05-08 17:09:56,609 | INFO | ui.console | Raw instruction received: ext
2026-05-08 17:09:56,610 | INFO | ui.console | Parsed instruction task: ext
2026-05-08 17:09:56,610 | INFO | ui.console | Console UI exit requested
2026-05-08 17:09:56,610 | INFO | main | Application stopped
2026-05-08 17:12:52,391 | INFO | main | Application starting
2026-05-08 17:12:52,470 | INFO | main | Console app built successfully
2026-05-08 17:12:52,470 | INFO | ui.console | Console UI started
2026-05-08 17:14:01,470 | INFO | ui.console | Raw instruction received: reg loki
2026-05-08 17:14:01,470 | INFO | ui.console | Parsed instruction task: reg
2026-05-08 17:14:01,470 | INFO | ui.console.handler | Dispatch command: task=reg
2026-05-08 17:14:01,471 | INFO | ui.console.handler | Handling reg command
2026-05-08 17:14:01,487 | INFO | ui.console.handler | User loki registered and logged in, id=[e752d2c9-0896-4be0-a73f-1315d0d7a634]
2026-05-08 17:14:01,490 | INFO | ui.console | Instruction processed
2026-05-08 17:14:06,294 | INFO | ui.console | Raw instruction received: reg winch
2026-05-08 17:14:06,294 | INFO | ui.console | Parsed instruction task: reg
2026-05-08 17:14:06,294 | INFO | ui.console.handler | Dispatch command: task=reg
2026-05-08 17:14:06,294 | INFO | ui.console.handler | Handling reg command
2026-05-08 17:14:06,299 | INFO | ui.console.handler | User winch registered and logged in, id=[4d07cd94-4dbb-447f-b60f-08a72982c784]
2026-05-08 17:14:06,301 | INFO | ui.console | Instruction processed
2026-05-08 17:14:08,835 | INFO | ui.console | Raw instruction received: users
2026-05-08 17:14:08,835 | INFO | ui.console | Parsed instruction task: users
2026-05-08 17:14:08,835 | INFO | ui.console.handler | Dispatch command: task=users
2026-05-08 17:14:08,835 | INFO | ui.console.handler | Handling users command
2026-05-08 17:14:08,846 | INFO | ui.console | Instruction processed
2026-05-08 17:14:11,626 | INFO | ui.console | Raw instruction received: new
2026-05-08 17:14:11,626 | INFO | ui.console | Parsed instruction task: new
2026-05-08 17:14:11,626 | INFO | ui.console.handler | Dispatch command: task=new
2026-05-08 17:14:11,626 | INFO | ui.console.handler | Handling new command
2026-05-08 17:14:11,626 | INFO | ui.console.handler | Registering new game, host_user_id=[4d07cd94-4dbb-447f-b60f-08a72982c784]
2026-05-08 17:14:11,677 | INFO | ui.console.handler | Created new game id=[684a22cf-00b4-41b1-b82d-8b659074006a] and joined player id=[f5f86d90-a8c1-4ae9-a470-8e71c50871cc] from user id=[4d07cd94-4dbb-447f-b60f-08a72982c784]
2026-05-08 17:14:11,678 | INFO | ui.console | Instruction processed
2026-05-08 17:14:15,560 | INFO | ui.console | Raw instruction received: join winch
2026-05-08 17:14:15,560 | INFO | ui.console | Parsed instruction task: join
2026-05-08 17:14:15,560 | INFO | ui.console.handler | Dispatch command: task=join
2026-05-08 17:14:15,560 | INFO | ui.console.handler | Handling join command
2026-05-08 17:14:15,566 | ERROR | ui.console | Value error instr:'join winch': User is already in the game
2026-05-08 17:14:18,751 | INFO | ui.console | Raw instruction received: join loki
2026-05-08 17:14:18,751 | INFO | ui.console | Parsed instruction task: join
2026-05-08 17:14:18,751 | INFO | ui.console.handler | Dispatch command: task=join
2026-05-08 17:14:18,751 | INFO | ui.console.handler | Handling join command
2026-05-08 17:14:18,795 | INFO | ui.console.handler | Player joined, game id=[684a22cf-00b4-41b1-b82d-8b659074006a] user id=[e752d2c9-0896-4be0-a73f-1315d0d7a634] player id=[c8ada8e0-4673-43d4-8ea8-a8cc2f1568ec]
2026-05-08 17:14:18,795 | INFO | ui.console | Instruction processed
2026-05-08 17:14:22,601 | INFO | ui.console | Raw instruction received: players
2026-05-08 17:14:22,601 | INFO | ui.console | Parsed instruction task: players
2026-05-08 17:14:22,601 | INFO | ui.console.handler | Dispatch command: task=players
2026-05-08 17:14:22,601 | INFO | ui.console.handler | Handling players command
2026-05-08 17:14:22,601 | INFO | ui.console.handler | Showing players, game id=[684a22cf-00b4-41b1-b82d-8b659074006a]
2026-05-08 17:14:22,611 | INFO | ui.console | Instruction processed
2026-05-08 17:14:28,930 | INFO | ui.console | Raw instruction received: hand
2026-05-08 17:14:28,930 | INFO | ui.console | Parsed instruction task: hand
2026-05-08 17:14:28,931 | INFO | ui.console.handler | Dispatch command: task=hand
2026-05-08 17:14:28,931 | INFO | ui.console.handler | Handling hand command
2026-05-08 17:14:28,931 | INFO | ui.console.handler | Showing hand, game id=[684a22cf-00b4-41b1-b82d-8b659074006a] player id=[c8ada8e0-4673-43d4-8ea8-a8cc2f1568ec]
2026-05-08 17:14:28,932 | INFO | ui.console | Instruction processed
2026-05-08 17:14:34,891 | INFO | ui.console | Raw instruction received: gen_decks
2026-05-08 17:14:34,891 | INFO | ui.console | Parsed instruction task: gen_decks
2026-05-08 17:14:34,891 | INFO | ui.console.handler | Dispatch command: task=gen_decks
2026-05-08 17:14:34,891 | INFO | ui.console.handler | Handling gen_decks command
2026-05-08 17:14:34,961 | INFO | ui.console.handler | Decks generated for game id=[684a22cf-00b4-41b1-b82d-8b659074006a]
2026-05-08 17:14:34,961 | INFO | ui.console | Instruction processed
2026-05-08 17:14:36,858 | INFO | ui.console | Raw instruction received: hand
2026-05-08 17:14:36,858 | INFO | ui.console | Parsed instruction task: hand
2026-05-08 17:14:36,858 | INFO | ui.console.handler | Dispatch command: task=hand
2026-05-08 17:14:36,859 | INFO | ui.console.handler | Handling hand command
2026-05-08 17:14:36,859 | INFO | ui.console.handler | Showing hand, game id=[684a22cf-00b4-41b1-b82d-8b659074006a] player id=[c8ada8e0-4673-43d4-8ea8-a8cc2f1568ec]
2026-05-08 17:14:36,874 | INFO | ui.console | Instruction processed
2026-05-08 17:14:40,828 | INFO | ui.console | Raw instruction received: run
2026-05-08 17:14:40,828 | INFO | ui.console | Parsed instruction task: run
2026-05-08 17:14:40,828 | INFO | ui.console.handler | Dispatch command: task=run
2026-05-08 17:14:40,828 | INFO | ui.console.handler | Handling run command
2026-05-08 17:14:40,929 | INFO | ui.console.handler | Game started, game id=[684a22cf-00b4-41b1-b82d-8b659074006a]
2026-05-08 17:14:40,929 | INFO | ui.console | Instruction processed
2026-05-08 17:16:47,373 | INFO | ui.console | Raw instruction received: game
2026-05-08 17:16:47,373 | INFO | ui.console | Parsed instruction task: game
2026-05-08 17:16:47,373 | INFO | ui.console.handler | Dispatch command: task=game
2026-05-08 17:16:47,373 | INFO | ui.console.handler | Handling game command
2026-05-08 17:16:47,373 | INFO | ui.console.handler | Showing game state, game id=[684a22cf-00b4-41b1-b82d-8b659074006a]
2026-05-08 17:16:47,410 | INFO | ui.console | Instruction processed
2026-05-08 17:16:50,779 | INFO | ui.console | Raw instruction received: players
2026-05-08 17:16:50,779 | INFO | ui.console | Parsed instruction task: players
2026-05-08 17:16:50,780 | INFO | ui.console.handler | Dispatch command: task=players
2026-05-08 17:16:50,780 | INFO | ui.console.handler | Handling players command
2026-05-08 17:16:50,780 | INFO | ui.console.handler | Showing players, game id=[684a22cf-00b4-41b1-b82d-8b659074006a]
2026-05-08 17:16:50,815 | INFO | ui.console | Instruction processed
2026-05-08 17:16:57,892 | INFO | ui.console | Raw instruction received: login winch
2026-05-08 17:16:57,892 | INFO | ui.console | Parsed instruction task: login
2026-05-08 17:16:57,892 | INFO | ui.console.handler | Dispatch command: task=login
2026-05-08 17:16:57,892 | INFO | ui.console.handler | Handling login command
2026-05-08 17:16:57,894 | INFO | ui.console.handler | Current user/player switched, game id=[684a22cf-00b4-41b1-b82d-8b659074006a] user id=[4d07cd94-4dbb-447f-b60f-08a72982c784] player id=[f5f86d90-a8c1-4ae9-a470-8e71c50871cc]
2026-05-08 17:16:57,895 | INFO | ui.console | Instruction processed
2026-05-08 17:17:02,052 | INFO | ui.console | Raw instruction received: hand
2026-05-08 17:17:02,052 | INFO | ui.console | Parsed instruction task: hand
2026-05-08 17:17:02,052 | INFO | ui.console.handler | Dispatch command: task=hand
2026-05-08 17:17:02,052 | INFO | ui.console.handler | Handling hand command
2026-05-08 17:17:02,052 | INFO | ui.console.handler | Showing hand, game id=[684a22cf-00b4-41b1-b82d-8b659074006a] player id=[f5f86d90-a8c1-4ae9-a470-8e71c50871cc]
2026-05-08 17:17:02,056 | INFO | ui.console | Instruction processed
2026-05-08 17:17:09,610 | INFO | ui.console | Raw instruction received: play scorpin
2026-05-08 17:17:09,611 | INFO | ui.console | Parsed instruction task: play
2026-05-08 17:17:09,611 | INFO | ui.console.handler | Dispatch command: task=play
2026-05-08 17:17:09,611 | INFO | ui.console.handler | Handling play command
2026-05-08 17:17:09,611 | ERROR | ui.console | Value error instr:'play scorpin': card 'scorpin' not found in hand
2026-05-08 17:17:21,965 | INFO | ui.console | Raw instruction received: play scorpion
2026-05-08 17:17:21,965 | INFO | ui.console | Parsed instruction task: play
2026-05-08 17:17:21,965 | INFO | ui.console.handler | Dispatch command: task=play
2026-05-08 17:17:21,965 | INFO | ui.console.handler | Handling play command
2026-05-08 17:17:22,050 | INFO | ui.console.handler | Card played, game id=[684a22cf-00b4-41b1-b82d-8b659074006a] player id=[f5f86d90-a8c1-4ae9-a470-8e71c50871cc] card id=[119dfdd4-58d9-4704-8ea7-fff5a72caba0]
2026-05-08 17:17:22,050 | INFO | ui.console | Instruction processed
2026-05-08 17:17:44,366 | INFO | ui.console | Raw instruction received: hand
2026-05-08 17:17:44,366 | INFO | ui.console | Parsed instruction task: hand
2026-05-08 17:17:44,366 | INFO | ui.console.handler | Dispatch command: task=hand
2026-05-08 17:17:44,367 | INFO | ui.console.handler | Handling hand command
2026-05-08 17:17:44,367 | INFO | ui.console.handler | Showing hand, game id=[684a22cf-00b4-41b1-b82d-8b659074006a] player id=[f5f86d90-a8c1-4ae9-a470-8e71c50871cc]
2026-05-08 17:17:44,380 | INFO | ui.console | Instruction processed
2026-05-08 17:17:58,579 | INFO | ui.console | Raw instruction received: play aragorn
2026-05-08 17:17:58,579 | INFO | ui.console | Parsed instruction task: play
2026-05-08 17:17:58,580 | INFO | ui.console.handler | Dispatch command: task=play
2026-05-08 17:17:58,580 | INFO | ui.console.handler | Handling play command
2026-05-08 17:17:58,685 | INFO | ui.console.handler | Card played, game id=[684a22cf-00b4-41b1-b82d-8b659074006a] player id=[f5f86d90-a8c1-4ae9-a470-8e71c50871cc] card id=[f8001eaf-2879-4b25-ac5e-5ec4d0312040]
2026-05-08 17:17:58,686 | INFO | ui.console | Instruction processed
2026-05-08 17:18:05,620 | INFO | ui.console | Raw instruction received: cur_p
2026-05-08 17:18:05,620 | INFO | ui.console | Parsed instruction task: cur_p
2026-05-08 17:18:05,620 | INFO | ui.console.handler | Dispatch command: task=cur_p
2026-05-08 17:18:05,620 | INFO | ui.console.handler | Handling cur_p command
2026-05-08 17:18:05,626 | INFO | ui.console | Instruction processed
2026-05-08 17:18:20,332 | INFO | ui.console | Raw instruction received: play warklok
2026-05-08 17:18:20,332 | INFO | ui.console | Parsed instruction task: play
2026-05-08 17:18:20,332 | INFO | ui.console.handler | Dispatch command: task=play
2026-05-08 17:18:20,332 | INFO | ui.console.handler | Handling play command
2026-05-08 17:18:20,332 | ERROR | ui.console | Value error instr:'play warklok': card 'warklok' not found in hand
2026-05-08 17:18:26,207 | INFO | ui.console | Raw instruction received: play warlock
2026-05-08 17:18:26,207 | INFO | ui.console | Parsed instruction task: play
2026-05-08 17:18:26,207 | INFO | ui.console.handler | Dispatch command: task=play
2026-05-08 17:18:26,207 | INFO | ui.console.handler | Handling play command
2026-05-08 17:18:26,305 | INFO | ui.console.handler | Card played, game id=[684a22cf-00b4-41b1-b82d-8b659074006a] player id=[f5f86d90-a8c1-4ae9-a470-8e71c50871cc] card id=[16624368-b5a4-4759-bdea-06db109c5309]
2026-05-08 17:18:26,305 | INFO | ui.console | Instruction processed
2026-05-08 17:18:34,295 | INFO | ui.console | Raw instruction received: cur_p
2026-05-08 17:18:34,295 | INFO | ui.console | Parsed instruction task: cur_p
2026-05-08 17:18:34,295 | INFO | ui.console.handler | Dispatch command: task=cur_p
2026-05-08 17:18:34,295 | INFO | ui.console.handler | Handling cur_p command
2026-05-08 17:18:34,304 | INFO | ui.console | Instruction processed
2026-05-08 17:18:37,989 | INFO | ui.console | Raw instruction received: market
2026-05-08 17:18:37,990 | INFO | ui.console | Parsed instruction task: market
2026-05-08 17:18:37,990 | INFO | ui.console.handler | Dispatch command: task=market
2026-05-08 17:18:37,990 | INFO | ui.console.handler | Handling market command
2026-05-08 17:18:37,990 | INFO | ui.console.handler | Showing market, game id=[684a22cf-00b4-41b1-b82d-8b659074006a]
2026-05-08 17:18:38,002 | INFO | ui.console | Instruction processed
2026-05-08 17:18:56,971 | INFO | ui.console | Raw instruction received: discard
2026-05-08 17:18:56,971 | INFO | ui.console | Parsed instruction task: discard
2026-05-08 17:18:56,971 | INFO | ui.console.handler | Dispatch command: task=discard
2026-05-08 17:18:56,971 | INFO | ui.console.handler | Handling discard command
2026-05-08 17:18:56,971 | INFO | ui.console.handler | Showing discard deck, game id=[684a22cf-00b4-41b1-b82d-8b659074006a] player id=[f5f86d90-a8c1-4ae9-a470-8e71c50871cc]
2026-05-08 17:18:56,973 | INFO | ui.console | Instruction processed
2026-05-08 17:19:13,091 | INFO | ui.console | Raw instruction received: deck
2026-05-08 17:19:13,091 | INFO | ui.console | Parsed instruction task: deck
2026-05-08 17:19:13,091 | INFO | ui.console.handler | Dispatch command: task=deck
2026-05-08 17:19:13,091 | WARNING | ui.console.handler | Unknown command received: task=deck
2026-05-08 17:19:13,092 | ERROR | ui.console | Value error instr:'deck': unknown instruction
2026-05-08 17:20:00,346 | INFO | ui.console | Raw instruction received: buy ori
2026-05-08 17:20:00,347 | INFO | ui.console | Parsed instruction task: buy
2026-05-08 17:20:00,347 | INFO | ui.console.handler | Dispatch command: task=buy
2026-05-08 17:20:00,347 | INFO | ui.console.handler | Handling buy command
2026-05-08 17:20:00,456 | INFO | ui.console.handler | Card bought, game id=[684a22cf-00b4-41b1-b82d-8b659074006a] player id=[f5f86d90-a8c1-4ae9-a470-8e71c50871cc] card id=[14635621-af11-480e-b370-7a6db0eee5d4]
2026-05-08 17:20:00,456 | INFO | ui.console | Instruction processed
2026-05-08 17:20:04,541 | INFO | ui.console | Raw instruction received: market
2026-05-08 17:20:04,541 | INFO | ui.console | Parsed instruction task: market
2026-05-08 17:20:04,542 | INFO | ui.console.handler | Dispatch command: task=market
2026-05-08 17:20:04,542 | INFO | ui.console.handler | Handling market command
2026-05-08 17:20:04,542 | INFO | ui.console.handler | Showing market, game id=[684a22cf-00b4-41b1-b82d-8b659074006a]
2026-05-08 17:20:04,552 | INFO | ui.console | Instruction processed
2026-05-08 17:20:09,482 | INFO | ui.console | Raw instruction received: discard
2026-05-08 17:20:09,483 | INFO | ui.console | Parsed instruction task: discard
2026-05-08 17:20:09,483 | INFO | ui.console.handler | Dispatch command: task=discard
2026-05-08 17:20:09,483 | INFO | ui.console.handler | Handling discard command
2026-05-08 17:20:09,483 | INFO | ui.console.handler | Showing discard deck, game id=[684a22cf-00b4-41b1-b82d-8b659074006a] player id=[f5f86d90-a8c1-4ae9-a470-8e71c50871cc]
2026-05-08 17:20:09,488 | INFO | ui.console | Instruction processed
2026-05-08 17:20:13,415 | INFO | ui.console | Raw instruction received: end
2026-05-08 17:20:13,416 | INFO | ui.console | Parsed instruction task: end
2026-05-08 17:20:13,416 | INFO | ui.console.handler | Dispatch command: task=end
2026-05-08 17:20:13,416 | INFO | ui.console.handler | Handling end command
2026-05-08 17:20:13,547 | INFO | ui.console.handler | Turn ended, game id=[684a22cf-00b4-41b1-b82d-8b659074006a] player id=[f5f86d90-a8c1-4ae9-a470-8e71c50871cc]
2026-05-08 17:20:13,548 | INFO | ui.console | Instruction processed
2026-05-08 17:20:17,340 | INFO | ui.console | Raw instruction received: hand
2026-05-08 17:20:17,340 | INFO | ui.console | Parsed instruction task: hand
2026-05-08 17:20:17,340 | INFO | ui.console.handler | Dispatch command: task=hand
2026-05-08 17:20:17,340 | INFO | ui.console.handler | Handling hand command
2026-05-08 17:20:17,341 | INFO | ui.console.handler | Showing hand, game id=[684a22cf-00b4-41b1-b82d-8b659074006a] player id=[f5f86d90-a8c1-4ae9-a470-8e71c50871cc]
2026-05-08 17:20:17,354 | INFO | ui.console | Instruction processed
2026-05-08 17:20:27,338 | INFO | ui.console | Raw instruction received: discard
2026-05-08 17:20:27,339 | INFO | ui.console | Parsed instruction task: discard
2026-05-08 17:20:27,339 | INFO | ui.console.handler | Dispatch command: task=discard
2026-05-08 17:20:27,339 | INFO | ui.console.handler | Handling discard command
2026-05-08 17:20:27,339 | INFO | ui.console.handler | Showing discard deck, game id=[684a22cf-00b4-41b1-b82d-8b659074006a] player id=[f5f86d90-a8c1-4ae9-a470-8e71c50871cc]
2026-05-08 17:20:27,353 | INFO | ui.console | Instruction processed
2026-05-08 17:20:34,112 | INFO | ui.console | Raw instruction received: market
2026-05-08 17:20:34,112 | INFO | ui.console | Parsed instruction task: market
2026-05-08 17:20:34,112 | INFO | ui.console.handler | Dispatch command: task=market
2026-05-08 17:20:34,113 | INFO | ui.console.handler | Handling market command
2026-05-08 17:20:34,113 | INFO | ui.console.handler | Showing market, game id=[684a22cf-00b4-41b1-b82d-8b659074006a]
2026-05-08 17:20:34,124 | INFO | ui.console | Instruction processed
2026-05-08 17:20:47,246 | INFO | ui.console | Raw instruction received: ext
2026-05-08 17:20:47,246 | INFO | ui.console | Parsed instruction task: ext
2026-05-08 17:20:47,246 | INFO | ui.console | Console UI exit requested
2026-05-08 17:20:47,246 | INFO | main | Application stopped
2026-05-08 17:22:26,194 | INFO | main | Application starting
2026-05-08 17:22:26,273 | INFO | main | Console app built successfully
2026-05-08 17:22:26,273 | INFO | ui.console | Console UI started
2026-05-08 17:22:30,115 | INFO | ui.console | Raw instruction received: reg dean
2026-05-08 17:22:30,115 | INFO | ui.console | Parsed instruction task: reg
2026-05-08 17:22:30,115 | INFO | ui.console.handler | Dispatch command: task=reg
2026-05-08 17:22:30,115 | INFO | ui.console.handler | Handling reg command
2026-05-08 17:22:30,137 | INFO | ui.console.handler | User dean registered and logged in, id=[b3efc4b2-5a32-4271-b4c0-57d0c3fdfdb5]
2026-05-08 17:22:30,143 | INFO | ui.console | Instruction processed
2026-05-08 17:22:32,251 | INFO | ui.console | Raw instruction received: ext
2026-05-08 17:22:32,251 | INFO | ui.console | Parsed instruction task: ext
2026-05-08 17:22:32,251 | INFO | ui.console | Console UI exit requested
2026-05-08 17:22:32,251 | INFO | main | Application stopped
2026-05-08 20:51:35,795 | INFO | main | Application starting
2026-05-08 20:51:43,676 | INFO | main | Application starting
2026-05-08 20:53:52,750 | INFO | main | Application starting
2026-05-08 20:53:52,839 | INFO | main | Console app built successfully
2026-05-08 20:53:52,839 | INFO | ui.console | Console UI started
2026-05-08 20:54:00,959 | INFO | ui.console | Raw instruction received: players
2026-05-08 20:54:00,960 | INFO | ui.console | Parsed instruction task: players
2026-05-08 20:54:00,960 | INFO | ui.console.handler | Dispatch command: task=players
2026-05-08 20:54:00,960 | INFO | ui.console.handler | Handling players command
2026-05-08 20:54:05,352 | INFO | ui.console.handler | Command cancelled by empty input
2026-05-08 20:54:05,361 | INFO | ui.console | Instruction processed
2026-05-08 20:54:07,977 | INFO | ui.console | Raw instruction received: users
2026-05-08 20:54:07,978 | INFO | ui.console | Parsed instruction task: users
2026-05-08 20:54:07,978 | INFO | ui.console.handler | Dispatch command: task=users
2026-05-08 20:54:07,978 | INFO | ui.console.handler | Handling users command
2026-05-08 20:54:07,989 | INFO | ui.console | Instruction processed
2026-05-08 20:54:14,243 | INFO | ui.console | Raw instruction received: reg loki
2026-05-08 20:54:14,243 | INFO | ui.console | Parsed instruction task: reg
2026-05-08 20:54:14,243 | INFO | ui.console.handler | Dispatch command: task=reg
2026-05-08 20:54:14,243 | INFO | ui.console.handler | Handling reg command
2026-05-08 20:54:14,259 | INFO | ui.console.handler | User loki registered and logged in, id=[d59d9847-602f-4e65-9077-23db8a650032]
2026-05-08 20:54:14,260 | INFO | ui.console | Instruction processed
2026-05-08 20:54:17,292 | INFO | ui.console | Raw instruction received: reg winch
2026-05-08 20:54:17,292 | INFO | ui.console | Parsed instruction task: reg
2026-05-08 20:54:17,292 | INFO | ui.console.handler | Dispatch command: task=reg
2026-05-08 20:54:17,292 | INFO | ui.console.handler | Handling reg command
2026-05-08 20:54:17,302 | INFO | ui.console.handler | User winch registered and logged in, id=[a6a1a6b2-db95-4f06-a3c9-a4368e820ef2]
2026-05-08 20:54:17,303 | INFO | ui.console | Instruction processed
2026-05-08 20:54:19,115 | INFO | ui.console | Raw instruction received: new
2026-05-08 20:54:19,115 | INFO | ui.console | Parsed instruction task: new
2026-05-08 20:54:19,115 | INFO | ui.console.handler | Dispatch command: task=new
2026-05-08 20:54:19,115 | INFO | ui.console.handler | Handling new command
2026-05-08 20:54:19,115 | INFO | ui.console.handler | Registering new game, host_user_id=[a6a1a6b2-db95-4f06-a3c9-a4368e820ef2]
2026-05-08 20:54:19,170 | INFO | ui.console.handler | Created new game id=[cacea17d-b1cf-491f-ade9-f800763c5ce2] and joined player id=[cd767521-0ffb-4ff4-b458-d14a5528497e] from user id=[a6a1a6b2-db95-4f06-a3c9-a4368e820ef2]
2026-05-08 20:54:19,170 | INFO | ui.console | Instruction processed
2026-05-08 20:54:30,196 | INFO | ui.console | Raw instruction received: join loki
2026-05-08 20:54:30,196 | INFO | ui.console | Parsed instruction task: join
2026-05-08 20:54:30,196 | INFO | ui.console.handler | Dispatch command: task=join
2026-05-08 20:54:30,196 | INFO | ui.console.handler | Handling join command
2026-05-08 20:54:30,247 | INFO | ui.console.handler | Player joined, game id=[cacea17d-b1cf-491f-ade9-f800763c5ce2] user id=[d59d9847-602f-4e65-9077-23db8a650032] player id=[fa427678-ab2d-4ce1-9051-ce92f4dbfbef]
2026-05-08 20:54:30,247 | INFO | ui.console | Instruction processed
2026-05-08 20:54:32,304 | INFO | ui.console | Raw instruction received: players
2026-05-08 20:54:32,304 | INFO | ui.console | Parsed instruction task: players
2026-05-08 20:54:32,304 | INFO | ui.console.handler | Dispatch command: task=players
2026-05-08 20:54:32,304 | INFO | ui.console.handler | Handling players command
2026-05-08 20:54:32,304 | INFO | ui.console.handler | Showing players, game id=[cacea17d-b1cf-491f-ade9-f800763c5ce2]
2026-05-08 20:54:32,317 | INFO | ui.console | Instruction processed
2026-05-08 20:54:47,208 | INFO | ui.console | Raw instruction received: gen_decks
2026-05-08 20:54:47,208 | INFO | ui.console | Parsed instruction task: gen_decks
2026-05-08 20:54:47,208 | INFO | ui.console.handler | Dispatch command: task=gen_decks
2026-05-08 20:54:47,209 | INFO | ui.console.handler | Handling gen_decks command
2026-05-08 20:54:47,287 | INFO | ui.console.handler | Decks generated for game id=[cacea17d-b1cf-491f-ade9-f800763c5ce2]
2026-05-08 20:54:47,287 | INFO | ui.console | Instruction processed
2026-05-08 20:54:50,510 | INFO | ui.console | Raw instruction received: hand
2026-05-08 20:54:50,510 | INFO | ui.console | Parsed instruction task: hand
2026-05-08 20:54:50,510 | INFO | ui.console.handler | Dispatch command: task=hand
2026-05-08 20:54:50,510 | INFO | ui.console.handler | Handling hand command
2026-05-08 20:54:50,510 | INFO | ui.console.handler | Showing hand, game id=[cacea17d-b1cf-491f-ade9-f800763c5ce2] player id=[fa427678-ab2d-4ce1-9051-ce92f4dbfbef]
2026-05-08 20:54:50,522 | INFO | ui.console | Instruction processed
2026-05-08 20:54:56,946 | INFO | ui.console | Raw instruction received: market
2026-05-08 20:54:56,947 | INFO | ui.console | Parsed instruction task: market
2026-05-08 20:54:56,947 | INFO | ui.console.handler | Dispatch command: task=market
2026-05-08 20:54:56,947 | INFO | ui.console.handler | Handling market command
2026-05-08 20:54:56,947 | INFO | ui.console.handler | Showing market, game id=[cacea17d-b1cf-491f-ade9-f800763c5ce2]
2026-05-08 20:54:56,958 | INFO | ui.console | Instruction processed
2026-05-08 20:54:58,700 | INFO | ui.console | Raw instruction received: game
2026-05-08 20:54:58,700 | INFO | ui.console | Parsed instruction task: game
2026-05-08 20:54:58,700 | INFO | ui.console.handler | Dispatch command: task=game
2026-05-08 20:54:58,700 | INFO | ui.console.handler | Handling game command
2026-05-08 20:54:58,701 | INFO | ui.console.handler | Showing game state, game id=[cacea17d-b1cf-491f-ade9-f800763c5ce2]
2026-05-08 20:54:58,751 | INFO | ui.console | Instruction processed
2026-05-08 20:55:04,447 | INFO | ui.console | Raw instruction received: run
2026-05-08 20:55:04,447 | INFO | ui.console | Parsed instruction task: run
2026-05-08 20:55:04,447 | INFO | ui.console.handler | Dispatch command: task=run
2026-05-08 20:55:04,448 | INFO | ui.console.handler | Handling run command
2026-05-08 20:55:04,550 | INFO | ui.console.handler | Game started, game id=[cacea17d-b1cf-491f-ade9-f800763c5ce2]
2026-05-08 20:55:04,550 | INFO | ui.console | Instruction processed
2026-05-08 20:55:07,019 | INFO | ui.console | Raw instruction received: game
2026-05-08 20:55:07,020 | INFO | ui.console | Parsed instruction task: game
2026-05-08 20:55:07,020 | INFO | ui.console.handler | Dispatch command: task=game
2026-05-08 20:55:07,020 | INFO | ui.console.handler | Handling game command
2026-05-08 20:55:07,020 | INFO | ui.console.handler | Showing game state, game id=[cacea17d-b1cf-491f-ade9-f800763c5ce2]
2026-05-08 20:55:07,059 | INFO | ui.console | Instruction processed
2026-05-08 20:55:10,303 | INFO | ui.console | Raw instruction received: players
2026-05-08 20:55:10,304 | INFO | ui.console | Parsed instruction task: players
2026-05-08 20:55:10,304 | INFO | ui.console.handler | Dispatch command: task=players
2026-05-08 20:55:10,304 | INFO | ui.console.handler | Handling players command
2026-05-08 20:55:10,304 | INFO | ui.console.handler | Showing players, game id=[cacea17d-b1cf-491f-ade9-f800763c5ce2]
2026-05-08 20:55:10,343 | INFO | ui.console | Instruction processed
2026-05-08 20:55:15,705 | INFO | ui.console | Raw instruction received: login loki
2026-05-08 20:55:15,705 | INFO | ui.console | Parsed instruction task: login
2026-05-08 20:55:15,705 | INFO | ui.console.handler | Dispatch command: task=login
2026-05-08 20:55:15,706 | INFO | ui.console.handler | Handling login command
2026-05-08 20:55:15,710 | INFO | ui.console.handler | Current user/player switched, game id=[cacea17d-b1cf-491f-ade9-f800763c5ce2] user id=[d59d9847-602f-4e65-9077-23db8a650032] player id=[fa427678-ab2d-4ce1-9051-ce92f4dbfbef]
2026-05-08 20:55:15,712 | INFO | ui.console | Instruction processed
2026-05-08 20:55:18,588 | INFO | ui.console | Raw instruction received: hand
2026-05-08 20:55:18,588 | INFO | ui.console | Parsed instruction task: hand
2026-05-08 20:55:18,588 | INFO | ui.console.handler | Dispatch command: task=hand
2026-05-08 20:55:18,588 | INFO | ui.console.handler | Handling hand command
2026-05-08 20:55:18,588 | INFO | ui.console.handler | Showing hand, game id=[cacea17d-b1cf-491f-ade9-f800763c5ce2] player id=[fa427678-ab2d-4ce1-9051-ce92f4dbfbef]
2026-05-08 20:55:18,602 | INFO | ui.console | Instruction processed
2026-05-08 20:55:29,099 | INFO | ui.console | Raw instruction received: play hawk
2026-05-08 20:55:29,099 | INFO | ui.console | Parsed instruction task: play
2026-05-08 20:55:29,099 | INFO | ui.console.handler | Dispatch command: task=play
2026-05-08 20:55:29,099 | INFO | ui.console.handler | Handling play command
2026-05-08 20:55:29,197 | INFO | ui.console.handler | Card played, game id=[cacea17d-b1cf-491f-ade9-f800763c5ce2] player id=[fa427678-ab2d-4ce1-9051-ce92f4dbfbef] card id=[342c4116-612e-46c8-8836-d05777aa4132]
2026-05-08 20:55:29,198 | INFO | ui.console | Instruction processed
2026-05-08 20:55:35,406 | INFO | ui.console | Raw instruction received: hand
2026-05-08 20:55:35,407 | INFO | ui.console | Parsed instruction task: hand
2026-05-08 20:55:35,407 | INFO | ui.console.handler | Dispatch command: task=hand
2026-05-08 20:55:35,407 | INFO | ui.console.handler | Handling hand command
2026-05-08 20:55:35,407 | INFO | ui.console.handler | Showing hand, game id=[cacea17d-b1cf-491f-ade9-f800763c5ce2] player id=[fa427678-ab2d-4ce1-9051-ce92f4dbfbef]
2026-05-08 20:55:35,413 | INFO | ui.console | Instruction processed
2026-05-08 20:55:43,126 | INFO | ui.console | Raw instruction received: play oin
2026-05-08 20:55:43,127 | INFO | ui.console | Parsed instruction task: play
2026-05-08 20:55:43,127 | INFO | ui.console.handler | Dispatch command: task=play
2026-05-08 20:55:43,127 | INFO | ui.console.handler | Handling play command
2026-05-08 20:55:43,241 | INFO | ui.console.handler | Card played, game id=[cacea17d-b1cf-491f-ade9-f800763c5ce2] player id=[fa427678-ab2d-4ce1-9051-ce92f4dbfbef] card id=[da363cbc-1ef9-4901-bb69-1663965cffe8]
2026-05-08 20:55:43,241 | INFO | ui.console | Instruction processed
2026-05-08 20:55:58,627 | INFO | ui.console | Raw instruction received: cur_p
2026-05-08 20:55:58,627 | INFO | ui.console | Parsed instruction task: cur_p
2026-05-08 20:55:58,627 | INFO | ui.console.handler | Dispatch command: task=cur_p
2026-05-08 20:55:58,628 | INFO | ui.console.handler | Handling cur_p command
2026-05-08 20:55:58,632 | INFO | ui.console | Instruction processed
2026-05-08 20:56:04,518 | INFO | ui.console | Raw instruction received: market
2026-05-08 20:56:04,518 | INFO | ui.console | Parsed instruction task: market
2026-05-08 20:56:04,519 | INFO | ui.console.handler | Dispatch command: task=market
2026-05-08 20:56:04,519 | INFO | ui.console.handler | Handling market command
2026-05-08 20:56:04,519 | INFO | ui.console.handler | Showing market, game id=[cacea17d-b1cf-491f-ade9-f800763c5ce2]
2026-05-08 20:56:04,531 | INFO | ui.console | Instruction processed
2026-05-08 20:56:13,737 | INFO | ui.console | Raw instruction received: buy kili
2026-05-08 20:56:13,737 | INFO | ui.console | Parsed instruction task: buy
2026-05-08 20:56:13,737 | INFO | ui.console.handler | Dispatch command: task=buy
2026-05-08 20:56:13,737 | INFO | ui.console.handler | Handling buy command
2026-05-08 20:56:13,839 | INFO | ui.console.handler | Card bought, game id=[cacea17d-b1cf-491f-ade9-f800763c5ce2] player id=[fa427678-ab2d-4ce1-9051-ce92f4dbfbef] card id=[92ea6a99-428c-45a2-9afa-f9366a982247]
2026-05-08 20:56:13,839 | INFO | ui.console | Instruction processed
2026-05-08 20:56:19,132 | INFO | ui.console | Raw instruction received: buy gloin
2026-05-08 20:56:19,132 | INFO | ui.console | Parsed instruction task: buy
2026-05-08 20:56:19,132 | INFO | ui.console.handler | Dispatch command: task=buy
2026-05-08 20:56:19,132 | INFO | ui.console.handler | Handling buy command
2026-05-08 20:56:19,256 | INFO | ui.console.handler | Card bought, game id=[cacea17d-b1cf-491f-ade9-f800763c5ce2] player id=[fa427678-ab2d-4ce1-9051-ce92f4dbfbef] card id=[06cb59ca-bdbb-4650-8cb6-8e2df0c72ab7]
2026-05-08 20:56:19,257 | INFO | ui.console | Instruction processed
2026-05-08 20:56:21,491 | INFO | ui.console | Raw instruction received: market
2026-05-08 20:56:21,491 | INFO | ui.console | Parsed instruction task: market
2026-05-08 20:56:21,496 | INFO | ui.console.handler | Dispatch command: task=market
2026-05-08 20:56:21,497 | INFO | ui.console.handler | Handling market command
2026-05-08 20:56:21,497 | INFO | ui.console.handler | Showing market, game id=[cacea17d-b1cf-491f-ade9-f800763c5ce2]
2026-05-08 20:56:21,506 | INFO | ui.console | Instruction processed
2026-05-08 20:56:34,628 | INFO | ui.console | Raw instruction received: cur_p
2026-05-08 20:56:34,628 | INFO | ui.console | Parsed instruction task: cur_p
2026-05-08 20:56:34,628 | INFO | ui.console.handler | Dispatch command: task=cur_p
2026-05-08 20:56:34,628 | INFO | ui.console.handler | Handling cur_p command
2026-05-08 20:56:34,634 | INFO | ui.console | Instruction processed
2026-05-08 20:56:42,271 | INFO | ui.console | Raw instruction received: buy bear
2026-05-08 20:56:42,271 | INFO | ui.console | Parsed instruction task: buy
2026-05-08 20:56:42,271 | INFO | ui.console.handler | Dispatch command: task=buy
2026-05-08 20:56:42,271 | INFO | ui.console.handler | Handling buy command
2026-05-08 20:56:42,306 | ERROR | ui.console | Value error instr:'buy bear': Card can't be purchased
2026-05-08 20:56:53,863 | INFO | ui.console | Raw instruction received: market
2026-05-08 20:56:53,864 | INFO | ui.console | Parsed instruction task: market
2026-05-08 20:56:53,864 | INFO | ui.console.handler | Dispatch command: task=market
2026-05-08 20:56:53,864 | INFO | ui.console.handler | Handling market command
2026-05-08 20:56:53,864 | INFO | ui.console.handler | Showing market, game id=[cacea17d-b1cf-491f-ade9-f800763c5ce2]
2026-05-08 20:56:53,870 | INFO | ui.console | Instruction processed
2026-05-08 20:56:59,582 | INFO | ui.console | Raw instruction received: hand
2026-05-08 20:56:59,582 | INFO | ui.console | Parsed instruction task: hand
2026-05-08 20:56:59,582 | INFO | ui.console.handler | Dispatch command: task=hand
2026-05-08 20:56:59,582 | INFO | ui.console.handler | Handling hand command
2026-05-08 20:56:59,582 | INFO | ui.console.handler | Showing hand, game id=[cacea17d-b1cf-491f-ade9-f800763c5ce2] player id=[fa427678-ab2d-4ce1-9051-ce92f4dbfbef]
2026-05-08 20:56:59,591 | INFO | ui.console | Instruction processed
2026-05-08 20:57:05,360 | INFO | ui.console | Raw instruction received: discard
2026-05-08 20:57:05,361 | INFO | ui.console | Parsed instruction task: discard
2026-05-08 20:57:05,361 | INFO | ui.console.handler | Dispatch command: task=discard
2026-05-08 20:57:05,361 | INFO | ui.console.handler | Handling discard command
2026-05-08 20:57:05,361 | INFO | ui.console.handler | Showing discard deck, game id=[cacea17d-b1cf-491f-ade9-f800763c5ce2] player id=[fa427678-ab2d-4ce1-9051-ce92f4dbfbef]
2026-05-08 20:57:05,365 | INFO | ui.console | Instruction processed
2026-05-08 20:57:14,154 | INFO | ui.console | Raw instruction received: end
2026-05-08 20:57:14,155 | INFO | ui.console | Parsed instruction task: end
2026-05-08 20:57:14,155 | INFO | ui.console.handler | Dispatch command: task=end
2026-05-08 20:57:14,155 | INFO | ui.console.handler | Handling end command
2026-05-08 20:57:14,318 | INFO | ui.console.handler | Turn ended, game id=[cacea17d-b1cf-491f-ade9-f800763c5ce2] player id=[fa427678-ab2d-4ce1-9051-ce92f4dbfbef]
2026-05-08 20:57:14,318 | INFO | ui.console | Instruction processed
2026-05-08 20:57:19,336 | INFO | ui.console | Raw instruction received: hand
2026-05-08 20:57:19,336 | INFO | ui.console | Parsed instruction task: hand
2026-05-08 20:57:19,336 | INFO | ui.console.handler | Dispatch command: task=hand
2026-05-08 20:57:19,336 | INFO | ui.console.handler | Handling hand command
2026-05-08 20:57:19,337 | INFO | ui.console.handler | Showing hand, game id=[cacea17d-b1cf-491f-ade9-f800763c5ce2] player id=[fa427678-ab2d-4ce1-9051-ce92f4dbfbef]
2026-05-08 20:57:19,342 | INFO | ui.console | Instruction processed
2026-05-08 20:57:24,069 | INFO | ui.console | Raw instruction received: discard
2026-05-08 20:57:24,070 | INFO | ui.console | Parsed instruction task: discard
2026-05-08 20:57:24,070 | INFO | ui.console.handler | Dispatch command: task=discard
2026-05-08 20:57:24,070 | INFO | ui.console.handler | Handling discard command
2026-05-08 20:57:24,070 | INFO | ui.console.handler | Showing discard deck, game id=[cacea17d-b1cf-491f-ade9-f800763c5ce2] player id=[fa427678-ab2d-4ce1-9051-ce92f4dbfbef]
2026-05-08 20:57:24,085 | INFO | ui.console | Instruction processed
2026-05-08 20:57:31,067 | INFO | ui.console | Raw instruction received: market
2026-05-08 20:57:31,067 | INFO | ui.console | Parsed instruction task: market
2026-05-08 20:57:31,067 | INFO | ui.console.handler | Dispatch command: task=market
2026-05-08 20:57:31,067 | INFO | ui.console.handler | Handling market command
2026-05-08 20:57:31,068 | INFO | ui.console.handler | Showing market, game id=[cacea17d-b1cf-491f-ade9-f800763c5ce2]
2026-05-08 20:57:31,079 | INFO | ui.console | Instruction processed
2026-05-08 20:57:51,314 | INFO | ui.console | Raw instruction received: play human
2026-05-08 20:57:51,314 | INFO | ui.console | Parsed instruction task: play
2026-05-08 20:57:51,315 | INFO | ui.console.handler | Dispatch command: task=play
2026-05-08 20:57:51,315 | INFO | ui.console.handler | Handling play command
2026-05-08 20:57:51,361 | ERROR | ui.console | Value error instr:'play human': Not your turn
2026-05-08 20:57:59,087 | INFO | ui.console | Raw instruction received: login winch
2026-05-08 20:57:59,087 | INFO | ui.console | Parsed instruction task: login
2026-05-08 20:57:59,087 | INFO | ui.console.handler | Dispatch command: task=login
2026-05-08 20:57:59,087 | INFO | ui.console.handler | Handling login command
2026-05-08 20:57:59,089 | INFO | ui.console.handler | Current user/player switched, game id=[cacea17d-b1cf-491f-ade9-f800763c5ce2] user id=[a6a1a6b2-db95-4f06-a3c9-a4368e820ef2] player id=[cd767521-0ffb-4ff4-b458-d14a5528497e]
2026-05-08 20:57:59,090 | INFO | ui.console | Instruction processed
2026-05-08 20:58:00,989 | INFO | ui.console | Raw instruction received: hand
2026-05-08 20:58:00,989 | INFO | ui.console | Parsed instruction task: hand
2026-05-08 20:58:00,990 | INFO | ui.console.handler | Dispatch command: task=hand
2026-05-08 20:58:00,990 | INFO | ui.console.handler | Handling hand command
2026-05-08 20:58:00,990 | INFO | ui.console.handler | Showing hand, game id=[cacea17d-b1cf-491f-ade9-f800763c5ce2] player id=[cd767521-0ffb-4ff4-b458-d14a5528497e]
2026-05-08 20:58:01,001 | INFO | ui.console | Instruction processed
2026-05-08 20:58:04,848 | INFO | ui.console | Raw instruction received: play orc
2026-05-08 20:58:04,848 | INFO | ui.console | Parsed instruction task: play
2026-05-08 20:58:04,848 | INFO | ui.console.handler | Dispatch command: task=play
2026-05-08 20:58:04,849 | INFO | ui.console.handler | Handling play command
2026-05-08 20:58:04,951 | INFO | ui.console.handler | Card played, game id=[cacea17d-b1cf-491f-ade9-f800763c5ce2] player id=[cd767521-0ffb-4ff4-b458-d14a5528497e] card id=[18b4df73-a9c6-4480-8479-c3c06345d867]
2026-05-08 20:58:04,952 | INFO | ui.console | Instruction processed
2026-05-12 05:36:35,467 | INFO | main | Application starting
2026-05-12 05:36:35,618 | INFO | main | Console app built successfully
2026-05-12 05:36:35,619 | INFO | ui.console | Console UI started
